date,b0,b1,b2,b3,lam1,lam2,rmse
2000-01-03,6.81197963426896,-1.841032354419938,0.06981209851683269,-0.5963619747542892,0.33843817135375087,1.6051517601287024,0.08790461467526203
2000-01-17,6.5082543927568794,4.904338079109642,-10.0,1.049542350497843,0.08492332812185975,9.260044611212216,0.05130432445578357
2000-01-31,5.259794816682648,0.1947263382548609,2.916183041686534,4.180478268333838,1.1977553904791278,10.0,0.02673342970058838
2000-02-14,4.680122831763605,0.7708196433966686,3.6084953387468377,5.025801564671766,1.4770708179113772,10.0,0.056916722520451
2000-02-28,4.847089401518327,0.7607561505269994,2.8042715094858717,4.376726330092848,1.4112949855605041,10.0,0.060998473908782026
2000-03-13,4.9899513308157815,0.7342849181859956,2.5993987894466732,3.936814271425807,1.446183838648415,10.0,0.07026820141415331
2000-03-27,4.79245048825718,0.8104107840168054,3.6124910830937886,3.937358854159299,1.2206876555786628,10.0,0.0767276525865635
2000-04-10,4.762788641473683,0.8860083431106919,2.8446412324080037,3.111247337934325,1.0885861173627789,10.0,0.08644658688271638
2000-04-24,4.758327367383997,0.824008875804728,2.8033752966157173,3.7218743392433797,1.1727936894028592,10.0,0.0751278892497177
2000-05-08,4.694272195582495,1.3224639177732165,3.119347853418949,5.1192926599102675,1.5575731411182039,10.0,0.10247727596738047
2000-05-22,4.727897099039487,1.096783985896134,3.3422461214269332,4.829538744198569,1.3381232168471033,10.0,0.11431828395136069
2000-06-05,4.521982555094068,1.328597811510249,2.894661292539835,4.671136455181929,1.229841411572602,10.0,0.09165670947888424
2000-06-19,4.7852835493080805,0.8749727664429046,2.802483898702155,3.7764887384316714,1.0607908911867627,10.0,0.09979588945996658
2000-07-03,4.610928363933099,1.3075091400134575,2.1116442243806923,4.33852235789654,1.1590088462577746,10.0,0.09196412492370626
2000-07-17,4.524449126853059,1.5363857760271433,2.0369126633514285,4.727371517025428,1.4814881938498423,10.0,0.08656774531473563
2000-07-31,5.738568635723086,-6.74824844707393,9.915019415169587,1.4108393938784283,0.08705030846955701,2.8681563799615604,0.09170179560879045
2000-08-14,5.03159758881486,1.2314817040728205,1.2449791706707498,2.2396228823020436,1.3485934893913396,10.0,0.08169742125441413
2000-08-28,5.027883602180471,1.3086888488927562,1.0868120419818514,2.354858326527589,1.274467345339105,10.0,0.07791285810653761
2000-09-11,4.845928781145874,1.185544857596025,1.8492858620229984,3.098881612483086,0.9066150425230118,10.0,0.0722834715869308
2000-09-25,6.083059848594066,-8.56769219685025,9.9531296430972,-0.47144927352123156,0.06864045797900059,4.63687294363937,0.0804852537249471
2000-10-09,5.978749945372378,-7.539380646323141,10.0,-0.46086015639710026,0.08259487295200371,2.0426493730984716,0.07088329179675161
2000-10-23,5.818547287688704,-6.637937609545903,10.0,-0.7182149630085899,0.08478986056437157,2.6454571548136276,0.06696118450116502
2000-11-06,6.008058906887645,-1.5218623284193307,3.693138457671814,-0.54382573852408,0.12145058077375775,1.6734211903438228,0.06079567430220886
2000-11-20,5.931228389879703,-0.6260665766437106,2.649409763783181,-1.0140067808942874,0.15475169555523338,2.4786620711350396,0.05948252717867139
2000-12-04,5.8330279965795375,-0.18921529680637292,1.8776712850752155,-1.5407053952913583,0.21387839523121546,1.848152525352329,0.05627223716421678
2000-12-18,5.677715995240294,0.47238180829211757,-9.009825185234856,6.535619421458838,1.88835221425237,1.777185164882532,0.06858882103921161
2001-01-01,5.735262339306802,0.5331475120188309,-2.536930215716047,-1.3905127117132907,2.382968033032249,0.6457574825080168,0.06703218326376996
2001-01-15,5.117109095733017,0.3273147701077865,-2.5034312309821187,2.5730087600719713,2.02178494017819,10.0,0.06398788695278175
2001-01-29,5.257277517817822,-0.010864780020355853,-2.5154599184146167,2.2529519910505074,1.7211929515851452,10.0,0.053302436362433384
2001-02-12,5.716110962517165,-0.4312465894306555,-1.6273949656796816,-1.7198147113977909,0.8327449055775467,2.3408303257909573,0.07900760580120189
2001-02-26,5.7511030584159455,-0.6974213947586777,-2.3351123829528047,-1.2535068745346454,0.986119463769,2.3938902056043663,0.07724491743548248
2001-03-12,5.6146879064752575,-0.7638826685914172,-1.6030112080023866,-1.6803024106759665,0.8368384261517052,2.4332807240557393,0.07753238397653374
2001-03-26,4.814884723738178,-0.5482367346972027,-8.542153979501268,10.0,4.937842220888265,6.582755522762919,0.06907625210007984
2001-04-09,4.133011748667934,-0.24936675064325478,-2.7989075907025818,7.085013318340373,5.0,10.0,0.059079707440840054
2001-04-23,6.115981719993129,-2.2230576881714925,-2.5363766406266923,-2.366255563376153,0.6826608620234763,2.26977399580664,0.06923019541200064
2001-05-07,6.026365034489649,-2.097049776497772,-2.965092689983121,-1.8048249776475214,0.6863642824563853,2.355303585037183,0.06051029951399456
2001-05-21,5.119687043959036,-1.6066395819381218,3.340963225807321e-05,2.978611422870867,2.37175519979128,10.0,0.07015334365308294
2001-06-04,5.843432076600292,-1.8648870732186489,1.6664137138196466,-1.9605289682570655,5.0,0.4538929656875405,0.06650113622898043
2001-06-18,5.921555171476837,-2.188909362705043,1.6053763558131031,-1.8230061573660883,5.0,0.568414951869457,0.06694370279832786
2001-07-02,5.873673244958708,-1.9826808695360802,1.6200094607563047,-1.5972555969126687,5.0,0.42301443805239425,0.059018434356582695
2001-07-16,5.799631470085773,-1.9589989928492801,1.4043212245810308,-1.6015683888694814,5.0,0.5242026169683703,0.06215699721016118
2001-07-30,5.734382642845954,-2.0414994274132745,1.4707039366550478,-1.5724188139842912,5.0,0.7058911224737626,0.04949924320896966
2001-08-13,5.877432597621873,-2.249684319088257,-3.4849385400470325,-1.1526239836003143,0.892523625261817,2.794249947414727,0.06392483340134654
2001-08-27,5.82416042388466,-2.2707899392100392,-2.827045483560728,-1.3501795173975562,0.894388712936704,2.6476179860757965,0.06448552730451283
2001-09-10,5.81276464861814,-2.3862874710363315,-3.2407667918430025,-1.3451970677913223,0.9619808005443918,2.7118365016297203,0.06621852602681425
2001-09-24,6.107074875774635,-3.720781855426008,-2.7895973927148825,-2.598564382114212,1.081410135291731,2.3047285080231616,0.0681148973680757
2001-10-08,5.801431443735589,-3.56375166991093,-3.6403528730960875,-1.6495337891312238,1.0776213411077131,2.6813170861880025,0.06674805256741287
2001-10-22,5.815604105405357,-3.486016483931272,-4.053576244044609,-1.723261475209416,0.9239179999981749,2.5355166318370532,0.058385902707909255
2001-11-05,4.161292173269277,-2.0619665606884836,-3.6316958470394605,3.520828241207823,1.0640735040794116,10.0,0.07627608928395942
2001-11-19,4.054517910058969,-2.068398443552547,-2.825968380034418,4.917668164259246,0.8468478611950709,10.0,0.061435020095248975
2001-12-03,5.367889091483981,-3.4152895090653304,3.5659479740133078,-1.6818901485138478,5.0,0.39446389657312,0.07785438689294068
2001-12-17,3.7060164745922024,-1.9267293372284744,-3.1226751314554972,7.471998695912377,0.5161993985978258,10.0,0.06483218013985416
2001-12-31,3.9528017376846365,-2.253141261889115,-2.9559445527921278,6.152154136372769,0.6594888297535813,10.0,0.06884557833985178
2002-01-14,3.9590207550620393,-2.355059192398995,-3.2328994450278623,5.847824276110884,0.7712673510623806,10.0,0.07100292462548975
2002-01-28,3.9572656971717817,-2.2176661849909154,-3.002423086362038,6.044662641800779,0.5626217173492255,10.0,0.05760087052769182
2002-02-11,4.507087958440011,-2.8132751371622193,-2.9468443937847346,4.089527446394057,0.8658100441157511,10.0,0.07448462618466535
2002-02-25,5.873563803822279,-4.082951370065424,-1.2173154518517658e-05,-1.3065124091616886,2.0457008442954345,0.42942259123397686,0.06170829795646716
2002-03-11,6.120405858337627,-4.275343993248804,0.0001452815966835944,-1.4504737752678745,1.4708901353435733,0.32872530443083753,0.07308383144633261
2002-03-25,6.162693496214536,-4.331040842666,-1.9913946657436194e-05,-1.3791132358713525,1.334705399953188,0.25813421354889327,0.07475216602432318
2002-04-08,6.094980949719039,-4.8491469630783826,-2.99246386160296e-05,3.138885316839042,1.4803444192685842,0.01,0.06488952904372618
2002-04-22,6.089931518056866,-4.360377537923041,-5.0474925658504266e-06,-1.3612622090828326,1.687010040209432,0.3056640621513601,0.06390371742568282
2002-05-06,5.981102969849052,-4.194454378351213,-1.2552679239702283e-05,-1.6289376767210102,1.7095879458511472,0.4441508942387514,0.051984915476366786
2002-05-20,6.149582898495374,-4.341816233941913,-0.0004786902025639607,-1.3254024576410857,1.8905576325282658,0.2867717303396236,0.0640457722199588
2002-06-03,6.1290032882330925,-4.323538226431773,6.21548024956276e-05,-1.1142424687085373,2.206528604138822,0.25480223309098016,0.05602185062953778
2002-06-17,6.084002846883399,-4.366630712692878,-3.6011246055702304,-3.4023078114807954,0.6236769713588641,1.9429211350296403,0.043864076662569786
2002-07-01,6.165236497378674,-4.405370038879762,-4.118432360321129,-3.549301038408909,0.6298281656169127,2.0793062401511047,0.050690783035656065
2002-07-15,6.106410759400707,-4.373044326986537,-4.046192480528882,-2.4786332207787596,0.9313697081992272,2.6254102108286648,0.04615667114525329
2002-07-29,6.202566799349714,-4.466483664435896,-3.339173653358078,-3.202457050008017,1.0600181789318228,2.2468567280055045,0.04990583209494806
2002-08-12,5.89532151991113,-4.185869693425371,-3.2458384925255968,-3.233181674372262,1.203996369507717,2.350864996354261,0.04363675714980029
2002-08-26,5.789888446269919,-4.091491987764255,-2.9032546226951252,-3.204552544059677,1.1593035693914444,2.2618144024325995,0.046137376992252385
2002-09-09,4.850098135364162,-3.188794715441078,-3.512076826076845,2.564506232841759,2.0909941927181555,10.0,0.051007541502586774
2002-09-23,4.781487975786327,-3.1611465037293622,-3.7675219320782998,2.6831740596175857,2.579034301464675,10.0,0.050766056538408995
2002-10-07,5.747741645628427,-4.085582286643719,-3.0594114156253163,-4.012026906942496,1.4116850906039125,2.899253767329321,0.05148656434687346
2002-10-21,6.005710475297999,-4.308080348085157,-2.2917364987572038,-4.574964660573827,1.0797708062282256,2.278809568788574,0.04619980399897121
2002-11-04,6.00557586321493,-4.527058677012714,-3.910062948970727,-2.903336010740909,1.3831337219766837,2.712535346971159,0.039796244677891994
2002-11-18,5.698495390853053,-4.423007742597651,-3.40828101567129,-0.47347404456111214,2.064183476078367,0.29254607492798623,0.04577561420740142
2002-12-02,5.802150079174575,-4.56341277352255,-2.970209831564498,-3.609503518217744,0.9787223779312383,2.165207165911925,0.06123906331456602
2002-12-16,5.261959016608058,-4.106979120871342,-3.3578371067211017,1.7604491146323396,1.998779088657466,10.0,0.04796841256916423
2002-12-30,5.2910269104181165,-4.108267065287929,-4.305163006652545,1.2408503524629861,2.096700918475884,10.0,0.043291779233178215
2003-01-13,5.839670232138196,-4.6472202318104685,-3.8772311786626616,-1.6434007140433473,1.4208033188849878,2.62293897803184,0.05426812877276425
2003-01-27,5.681819228703855,-4.5091422704141815,-3.3313816192864576,-2.73478027682756,1.313811669045569,2.3284141738490676,0.0490104810510298
2003-02-10,5.627785195201207,-4.4314949077009205,-4.290820245561434,-1.3169824535073145,1.4092730645605378,2.7249047773876223,0.05348589846171253
2003-02-24,5.715877771065091,-4.46944834254356,-3.970123648288955,-2.5204008113621437,1.3948742534503034,2.786807463258939,0.03667203561360926
2003-03-10,5.644508910880363,-4.475514833539748,-4.0729034972979,-3.448449318807832,1.3343688234489888,2.887404331456481,0.03078070600857433
2003-03-24,5.813011884248399,-4.613752852077037,-3.9801918749938343,-2.639096305251477,1.2792035737965943,2.864478399266625,0.041995825071532045
2003-04-07,5.9326511177072625,-4.701231171263428,-4.7107025400423534,-2.4728482365497224,1.268149428274744,3.181437907717642,0.03398464436916647
2003-04-21,5.767594486053313,-4.594747080607904,-4.184268637889021,-1.662733571529919,1.4311821008491412,3.416299769966349,0.03875708982391682
2003-05-05,5.557463018751075,-4.529205163657817,-5.070957201800177,0.5158026037579265,1.6627578432036099,0.29768221010149487,0.03291194447356343
2003-05-19,5.284783187766054,-4.122957824059142,-5.012057269385676,-0.45493781165344244,1.9549732772249477,0.040041438509750074,0.03427113872275455
2003-06-02,5.264921931398935,-3.976678561957006,-5.438574821841542,-0.3087265517885784,1.901542049700696,0.06582917163099591,0.037031537723450185
2003-06-16,5.186001107733393,-4.255304256757677,-3.5470101102856795,-2.6051473830422758,1.653096509832437,3.089830284314685,0.031473375716615515
2003-06-30,5.427577103023904,-4.701680628596239,-4.644231391357853,0.7025756303531028,2.0134860168602926,0.320330530881127,0.031435242751605495
2003-07-14,5.602158215988648,-4.511009298599756,-5.407306240387958,-0.6557494397856786,1.8299560365044027,0.05644170601015647,0.03252508858297914
2003-07-28,5.955079318409294,-4.956723592651551,0.00014215650604559177,-3.266211805038482,2.3634480775170394,1.2837443845135035,0.042204077749929694
2003-08-11,5.942105440318271,-5.039729682905715,2.816910884366982,-1.319810091565444,5.0,1.1044791988248404,0.039759778356700366
2003-08-25,5.804758852285045,-4.842203877052737,3.171462161276896,-1.1608828328705931,4.837901225380362,0.6884464838893178,0.056699894357291315
2003-09-08,5.127312478959839,-4.199584557232007,-4.188253649167006,2.6253568385358745,1.575929317051086,10.0,0.04768015121005113
2003-09-22,5.122898138850297,-4.253412637067643,-3.8152290789280787,2.480282337582314,1.7953123343194584,10.0,0.04191702094192039
2003-10-06,5.275799444555814,-4.400790943779196,-4.3666797526098735,1.690669510640235,1.6945361485615003,10.0,0.039813783736221735
2003-10-20,5.153224194732198,-4.312784873185161,-3.3252216157281507,2.493999542574086,1.7452758894338036,10.0,0.03977711876542084
2003-11-03,5.658504879054136,-4.7092308499302415,3.1113593994929727,-1.246773408503974,5.0,0.7900441123918707,0.03789279183760947
2003-11-17,5.266210410717389,-4.39959653614843,-3.337047974454896,1.5083115664679159,1.8424496909183898,10.0,0.03848317881999549
2003-12-01,5.597995272069056,-4.592038705892846,3.000562036478792,-1.0445411473203952,4.972245425017454,0.31803972631162297,0.03980750704406897
2003-12-15,5.688754855519234,-4.840224032335103,2.4312446814317714,-0.9288817831408996,4.681249852793364,0.7695536638763096,0.031618544463585724
2003-12-29,5.212842372008656,-4.465346143039125,-2.6746293577696956,1.6367625281947928,1.9013512267920658,10.0,0.030620507146128673
2004-01-12,5.280650632529489,-4.45282515314885,-3.6859987384441673,1.3074682488080858,1.807144952728694,10.0,0.03284610535003318
2004-01-26,5.36893118298447,-4.5829609473580515,-3.4296780037036063,0.9862553869769608,1.7697552197542965,10.0,0.0321166686935621
2004-02-09,5.6160223578796185,-4.736768775405213,-2.5992740011414632,-3.3963767834119105,1.1075553605049302,2.091983499699325,0.030306881761263275
2004-02-23,5.709936528587181,-4.753458951769278,-3.5378674744118745,-3.024970469318288,1.1271001405882004,2.5188747250925325,0.0249817012782073
2004-03-08,5.4825968787779,-4.528930779000795,-2.674319190303977,-3.4150302630156224,1.295672994579771,2.2967725250079107,0.02871378082343199
2004-03-22,5.441716855550108,-4.510520960516323,-2.310265004987118,-3.111485800676363,1.4696018319293376,2.3073597596437496,0.022719454557708383
2004-04-05,5.568027988063886,-4.6523820042481505,2.642787932513131,-0.8765589369475705,5.0,0.6560238280335741,0.027131170249600198
2004-04-19,5.884670526769787,-5.002141066648555,0.0797699627743155,-0.7971093086094437,2.9350371986568318,0.6787049537064173,0.034926098249182504
2004-05-03,5.920633700614252,-5.150901801340329,-2.1227901236301614,-3.3615386643844616,0.9230567302420154,2.1357308215131323,0.030749825967892847
2004-05-17,6.019430831020685,-5.220387610006869,-1.2882205453238988,-3.2177129690705963,1.0041823312594025,2.0092832020010163,0.04011709291463015
2004-05-31,5.881905556287073,-4.824619855969982,-8.58303766577966e-05,-0.77276495380372,2.461610552345478,0.08934619368569836,0.04150368008635366
2004-06-14,6.031947133475829,-5.112404020609332,0.1317509666317666,1.4657678635158031,2.451383095155132,0.6894152786396259,0.04737899914648226
2004-06-28,5.708214771790337,-4.763483839147206,3.371170401052005,2.087758404370682,5.0,0.8213961699323147,0.03673894209065648
2004-07-12,5.641582558282258,-4.1141982779931885,2.203302730331005,-1.4585451074528224,5.0,0.061744404893781114,0.03691842819102943
2004-07-26,5.615634305503744,-4.460940067855118,2.4304773037010796,1.4729476652514755,5.0,0.9535120528116292,0.03820715204145675
2004-08-09,5.677955926682544,-4.35610238099432,-0.8365199368250538,0.28100049342657385,2.753657368336964,0.4923520661945299,0.036557978952076034
2004-08-23,5.557921752156933,-4.352349303811236,2.124477636454382,0.922789156987988,5.0,0.44219085681651166,0.039774389519383585
2004-09-06,5.564402307042045,-4.157660163260323,1.8416019109339639,0.6508683109914136,5.0,0.6501338917209499,0.0369690096686595
2004-09-20,5.47129964078285,-3.9591988046685085,-1.844267320284685,0.664045106694445,2.504815343084312,0.47832629808679517,0.0355116758547466
2004-10-04,5.534390139671868,-3.38572807310754,-2.195289278669018,-2.18139548659298,2.3994602840134056,0.06162608694906492,0.0326501124822351
2004-10-18,5.4432940774534675,-3.982863042074589,-1.314789597434302,1.1286484979956166,2.7129712813464426,0.3798984747974609,0.0388508029918172
2004-11-01,5.399062256598569,-3.093288263746036,-2.83310841878537,-1.7511740785870298,2.1486868643894574,0.04908427395938803,0.03341049744037425
2004-11-15,5.476083963679273,-3.1195797502778753,-1.5263448958124521,-1.5494689275757219,2.814680992555843,0.05224080761329487,0.036985958701699115
2004-11-29,5.393634896786748,-3.468162154616365,1.447450781539247,1.1194343046378232,5.0,0.624396821450366,0.03893740674461316
2004-12-13,5.306814485687025,-2.689847507085533,-1.7975469565794533,-2.0067576697325866,2.6103810763388853,0.05539825403130482,0.03790416282351826
2004-12-27,5.40374504064691,-2.4332368646189173,-2.683627704735292,-3.5857934836849497,2.1180910236331374,0.05050721704058211,0.040389122355778975
2005-01-10,5.254249501935031,-2.4617402534354924,-1.163071164636753,-2.499231103197721,2.6848850298276052,0.05142289675900505,0.04131552448308597
2005-01-24,4.984928187111997,-2.1369614729634554,-1.1513531619725197,-2.733277115590063,2.588248309922665,0.04975975133670117,0.04130786416988639
2005-02-07,4.710598975678321,-2.545880787925117,-7.190375329781476e-05,-2.7167868599391953,0.5451472859312589,1.821341400533048,0.04475450527495644
2005-02-21,4.943212597522382,-2.663331669495932,0.0002580381149950248,-2.8201760647349694,0.5658760740589344,1.7949261190731058,0.04678821763294307
2005-03-07,4.8811851517276965,-2.3748342901618136,9.580950096173282,-10.0,1.3392759782737205,1.5170516003151946,0.04198585146738009
2005-03-21,5.1191322763246765,-2.4879105732633295,2.373840332177328,-3.234389168072648,1.200026663611808,1.73371959869105,0.0466719945718607
2005-04-04,4.971444660762871,-1.6776730025802522,-0.0007490897756497385,-2.383143378943216,2.8436706040195734,0.06623803868275785,0.05018803145087138
2005-04-18,4.915230459143662,-1.6291084673981235,-0.8729036473999938,-2.1177791403602293,2.5705334440419367,0.05233450303730342,0.04442474008333865
2005-05-02,4.802933462927787,-2.237291151957097,-0.0001563730470993605,-2.5197816166771783,0.47316543929752486,1.9349955122909168,0.047854352083790526
2005-05-16,4.822738762537936,-1.369481816888832,-0.7389596040869426,-3.2824184477277454,3.598906842755525,0.04695293092171092,0.056716012020614694
2005-05-30,4.738628061033706,-2.026243522699782,9.554197998430254,-10.0,1.5544938853551549,1.8461606489379032,0.041015499392360676
2005-06-13,4.628236252864493,-1.8664934377524771,9.858381247702619,-10.0,1.4647999347151124,1.7102419491349228,0.04026675921872033
2005-06-27,4.540381421205806,-0.9968845379145949,-0.8947239230259724,-2.325925997840989,3.8681663497452172,0.0450374988135142,0.035626431112958164
2005-07-11,4.516793031798261,-1.6652230041957035,3.131064915813496e-05,-1.5939513381509558,0.3955001788761586,2.171573354830245,0.04833950474314434
2005-07-25,4.6387598124576614,-0.7274167896477336,-0.6402712886972315,-2.4003066584117105,2.8789288627646936,0.05217013452480566,0.039863480148512334
2005-08-08,4.752534228407616,-1.4885658271166635,5.8432182982824475e-05,-1.1652825227088512,0.4287774866085369,2.265067406498135,0.042957072972699135
2005-08-22,4.583986799565913,-0.4426631158585697,-0.8240651047945673,-2.724486707823839,2.886782494277192,0.058440519300565735,0.037856165708200155
2005-09-05,4.470143186888503,-0.6145479818646103,-1.0767455220369437,-1.6283482977099035,2.6272959898162087,0.06301526931118476,0.03457057273585149
2005-09-19,4.797295633295651,-0.5973835518868753,-1.65971260641512,-3.1932310181580195,2.442894988966355,0.04538908492531608,0.03477706487257729
2005-10-03,4.770360961796975,-0.28431550513952886,-1.1593812485931214,-4.214547674986633,2.51815321446871,0.051118009134001705,0.04100876374831567
2005-10-17,4.85983853654696,-0.31815871211412794,-1.156692101237244,-3.3473576482392966,2.3128750108463487,0.04884975282916059,0.03745540926307497
2005-10-31,4.91114442385911,-0.303039174030345,-1.0148792627582897,-2.808140017933996,2.4673224907387548,0.05567978817622562,0.040463406265958436
2005-11-14,4.927485166224573,-0.16688630027183485,-0.9491120345919283,-2.8923720218022346,2.477569058372984,0.06688081124070092,0.0503916728817058
2005-11-28,4.772862534209038,5.242645640395247,-10.0,-1.4352281264658018,0.0381257042597956,2.3133064509403063,0.04572686497358862
2005-12-12,4.86277084698378,4.140048447011514,-10.0,-1.2313580155100974,0.03838528891710443,2.21057334791711,0.04567346637810712
2005-12-26,4.686742174700207,0.06265179145005578,-1.2146939878630973,-4.204939384595661,2.513253387982575,0.041790546559277025,0.04101727796496048
2006-01-09,4.695776629847051,6.23021479659608,-9.69869297096213,-1.21997260311971,0.02923393840811735,2.4783622703552584,0.03497297686150442
2006-01-23,4.693347605080446,-1.2118847589510797,0.9979490735056527,-1.3498475197063895,0.1326829034909394,2.473284918189287,0.025093250204342908
2006-02-06,4.710823630515848,-0.5442997713687122,1.015511416781585,-0.7528205301909231,0.36176805048743804,2.4452125730831735,0.029374577883285874
2006-02-20,4.616416320989635,-0.34230954872497105,0.944342557564829,-0.3218845826404886,0.39177170258978716,2.5817178186013057,0.04957319963152517
2006-03-06,4.741396864570345,-0.4181678904647937,0.5683800144556298,1.3440136345939964,5.0,0.4469557018346428,0.04600609299386973
2006-03-20,4.834840437098186,-0.3889003794459877,0.8227379912487909,-0.9323999160526201,0.3498219598558388,1.8440285774356342,0.0449984641688474
2006-04-03,5.019795740572965,0.23528694101532627,-0.8179376762798583,-2.0465958755020868,1.6777983648310282,0.07071931138727701,0.04577802441463809
2006-04-17,5.229567688333604,0.11809114112872882,-1.1507237991222472,-2.605576572324104,1.7560700872883097,0.054836698815959685,0.045945474651115654
2006-05-01,5.394045377233185,0.26085023501380933,-2.920530405080702,-1.4071685839516002,0.04649800739993278,1.677099980200702,0.04273711559204217
2006-05-15,5.415620647457868,-0.30873504721268363,-1.849792340442329,-1.3024663780238483,0.058232341445032185,1.7490877672788732,0.044192773214871035
2006-05-29,5.337706735415543,6.341046240044256,-9.84067114873003,-1.2738328236125425,0.030232843980057877,2.148795453742978,0.041847206099336405
2006-06-12,5.141773030573,0.49114185401994853,-1.195277310426424,-2.7604598670489873,1.6634727887966625,0.05597429607942822,0.03727058430898532
2006-06-26,5.379297538002571,0.47267409323527376,-1.01656773323581,-3.6464834696229245,1.5983740216837732,0.05040396931046602,0.03874172979669675
2006-07-10,5.261406062909443,0.7349587087005086,-1.3377812236560391,-3.666361179386243,1.465905471138549,0.0556299624054002,0.034068067514369624
2006-07-24,5.230095472064827,-0.5024017480802163,1.2501252366594051,-0.9860570069525719,0.3225111210341774,2.077138040102907,0.033128148188933976
2006-08-07,5.1053003577690355,0.03759183287256737,-7.952928697432033,7.441747434366381,1.2042516986822944,1.0585762267270369,0.03294590412080877
2006-08-21,5.093558697764738,0.006339753433704782,0.8046116798537005,-1.5009037765671684,0.4901957243799312,1.9646194758072533,0.03546292412526999
2006-09-04,4.999223381780345,0.01925570810743468,0.8941795977261495,-1.5622957554054744,0.5326716545068743,1.8796016120821357,0.03615751720028602
2006-09-18,5.05323947030374,-0.48334780372715175,1.36964101257805,-1.2129185971645715,0.32732335253577427,2.1229027177511095,0.030673717995939872
2006-10-02,4.895771196622144,-0.44007960115356753,-1.0119671045682486,2.0135492921542504,2.309084286989235,0.3252624835567362,0.02831453603448572
2006-10-16,5.047565473326616,-0.13619050960067128,-1.1279230445568278,1.0992949281301516,2.214153809127752,0.3536732122234309,0.02947597352346634
2006-10-30,4.89970264049693,0.20548182274029586,1.1772478817199519,-1.6315794996750472,0.5880509352288894,1.7086859687221159,0.0361628249401366
2006-11-13,4.814663799845252,0.3093452643982317,1.1618305959208899,-1.5097719233902092,0.6124731248742963,1.7497931792718602,0.037687611120002885
2006-11-27,4.719247240591604,0.45514884785766646,2.425329214019778,-2.9902505454685144,0.9196433901442346,1.3546636107637855,0.049443121916118174
2006-12-11,4.749967684294319,-0.0314924380956675,-1.4396344734248068,1.6979804905757399,1.8611426316448747,0.4259167980863599,0.0362697516887832
2006-12-25,4.897413034592725,-0.2507385429654532,-1.0963312318851437,1.6914850140828852,2.2939746782262147,0.3228819323596459,0.0315364976116503
2007-01-08,4.843468795347138,-0.17965003402745439,1.5530569994112424,-0.9188833559396457,0.2649810988574607,2.1345855605499335,0.02973072615623859
2007-01-22,4.951033297796965,-0.10785721635851975,1.2042302421648061,-0.8603647413639209,0.3031967048119126,2.4566201103665444,0.02980808542714481
2007-02-05,5.029566456258493,-0.04810197886481848,0.8308451647261601,-0.9677610729366302,0.32136292124550253,2.4211523558594354,0.028688060877479857
2007-02-19,3.2445847421279397,2.012869286864857,-4.402318911846936,7.245125061855232,4.984761943046034,10.0,0.02182851184622152
2007-03-05,4.301846219362672,0.9588553371731603,-9.966279025775295,9.160142548067542,3.7977265107921965,4.9399752774120484,0.03996610985546346
2007-03-19,4.858641336880654,0.26071898483070727,1.3046407411872756,-2.12134351935338,0.5773719216500248,1.6349486043317158,0.045214457555780255
2007-04-02,4.998250945407942,0.07430967250949336,1.135771538800186,-2.29748351634037,0.520382707976065,1.6619797254279662,0.04125913606560034
2007-04-16,5.033592175308784,-0.15396582500367234,-1.4810155455218748,1.153272951758168,1.9317434051735947,0.396907005516844,0.034978310356644164
2007-04-30,4.969679173943084,-0.3198433370983505,-1.7157894896503383,1.7383062908853844,1.9308399943349097,0.3755096562224515,0.033290386290506346
2007-05-14,5.0271092898389655,-0.42858067469545363,0.8701025198322959,-1.5139271500543428,0.3237149253976639,2.372011798251602,0.02905808393259139
2007-05-28,5.151124700459396,0.20885206018251737,-1.443435276705117,-1.3958690171622337,2.1244072557318656,0.08749539982398885,0.030384859538374654
2007-06-11,5.340965506402876,0.01524969494442412,-0.938756444653992,-2.2660009540617057,1.734099605684217,0.06936303113605673,0.029349715738370807
2007-06-25,5.310917395979208,-1.287981840528834,1.1671243766246997,-1.4028297531752045,0.1863387158105735,1.4241694575956112,0.02978697314232672
2007-07-09,5.34178246459017,-1.0264578555183554,0.517606183734558,-1.1211117413393488,0.12161131004287147,1.3797488897099377,0.023075741541230474
2007-07-23,5.1776195911527765,-0.4475698645060197,-1.3129725900274112,1.6146864025213397,1.3836315805724106,0.33748731645166563,0.027980252247673594
2007-08-06,5.052539579907698,-0.1884210967220332,-2.941534837784931,1.7194826767106353,1.2961617547928523,0.5393057259480379,0.03909240536830744
2007-08-20,5.244304931515587,0.2799659513194467,-3.4738734871330337,-10.0,1.6863130135234092,0.054203194257714846,0.07952134477641816
2007-09-03,5.054609210583247,-1.1175106097336818,1.5169931618363415,-3.2738748978955625,0.7656873874052735,1.6629251083040226,0.039999363548315424
2007-09-17,4.919025995994607,-1.4031431268923327,-1.1258127910898281,2.505688745842082,2.06505492629753,0.2909059843886404,0.026319623616742584
2007-10-01,4.992906365547233,0.021679142405701842,-2.9872443773907773,-4.718057771900437,1.3901462322464868,0.04660929094900381,0.029698508300579737
2007-10-15,3.7730146817621772,0.5611075328032724,-4.496725969212827,7.217432649699876,5.0,8.550765365906258,0.045723860630263645
2007-10-29,4.169680008785994,-0.09959188489719034,-8.322481402574875,8.950129217279722,4.161919787656877,5.721581021118583,0.059401999790414314
2007-11-12,3.7437927066221697,-0.28275093279665986,-7.812602138494385,9.99980320493192,4.937955751967338,7.049675508343279,0.0972919639114651
2007-11-26,3.9756975935350582,-0.5068939689073387,-9.108646552854571,8.134319277777568,3.1946122189150823,4.906554670871201,0.0857855509893287
2007-12-10,3.2984561952783396,-0.14887325677499905,-6.574977072580255,9.993354879777577,4.831848309825526,7.989632643948492,0.08063326932870521
2007-12-24,4.945798418859425,-2.6758966277339318,-3.6296264143651933,4.730828274800236,1.4116021976915027,0.32553822563161255,0.04173277678891114
2008-01-07,3.933715592822204,-0.5093182316474912,-10.0,9.091368314166782,3.168894897585883,5.082190214933464,0.07185978697106452
2008-01-21,3.647507715275423,-0.7555834855317618,-9.998745019436054,9.999928363621173,3.463491478560818,5.802889905866045,0.10762839610906931
2008-02-04,4.665541134452172,-2.3642553790899705,-8.081996428872811,5.372552052949239,2.6073661679541766,3.8083709451605827,0.06370468493653479
2008-02-18,3.9161034773131083,-1.4948005176385029,-5.1682829127047265,4.049726850611118,1.8199669179342493,10.0,0.0385678455210638
2008-03-03,3.5001623864096425,-1.5294130295453103,-4.9675154921746465,5.134422716728553,2.0601557751068564,10.0,0.06360045042852996
2008-03-17,4.92158067825309,-2.4035590120381687,-7.259751829071576,-4.424024506373626,1.6278993243014255,0.07066146074362664,0.05161898890588495
2008-03-31,4.896990369844853,-2.624311710920893,-5.961258248163084,-3.298346564059086,1.6864810267501666,0.055422739649987444,0.05817908592665793
2008-04-14,4.9033074645384245,-2.8228987556847582,-4.899953132455565,-4.0462713322335,1.7752368614700385,0.058149042200544086,0.04934881899360873
2008-04-28,5.062853830208056,-3.2119113590024595,-2.249344043030598,-3.1668720034968856,2.219337798490515,0.03795038229746639,0.05089080898263458
2008-05-12,3.3920428418205435,-1.6752161281537257,-2.0551747983121986,6.625682425393162,5.0,10.0,0.020645539458342507
2008-05-26,3.8203594347532093,-1.991984810013928,-1.1960090926672504,4.86602359013625,5.0,10.0,0.04497164548072198
2008-06-09,5.107134681828117,-3.381283765531411,7.784652144832559,-9.608436177219142,1.7027974053168786,1.9428517856416874,0.05677489040054875
2008-06-23,5.109421345071526,-2.6221393092299925,-0.9255482268192138,-3.2799153361340996,2.5882912354213525,0.0559808209332427,0.05322154280623178
2008-07-07,4.93457291553606,-2.4756224844798274,-3.2164176052915625,-2.2743882731089102,1.734573710211629,0.06790065761683012,0.049197650922062096
2008-07-21,5.071131336911249,-2.6623785673012206,-2.1817548283896273,-3.9281623702047725,2.0257590705605795,0.07068940400476893,0.05006711052243344
2008-08-04,4.998253963580898,-3.540681814762396,1.49338514119484,1.0553319806635413,5.0,0.4754651036078993,0.053170493645555185
2008-08-18,3.2057197226695457,-1.4045650830816006,-1.704903737989784,6.6017565409608645,5.0,10.0,0.04189178998034807
2008-09-01,4.866187303818214,-2.3109474403721384,-3.7388643436773763,-3.145811898314476,1.6715190072772046,0.06784034438501715,0.04683475467705127
2008-09-15,4.388291667735969,-4.647207548895607,3.1857409874284786,4.708844090683714,5.0,0.3099697956770755,0.04150268889849841
2008-09-29,4.7637701064645395,-3.562001749516183,-0.7724840125794921,-7.244485999732793,3.249224475159614,0.012276422492331377,0.15302340977836015
2008-10-13,4.730482115866164,-2.03135340025927,-6.787954906911836,-8.575684807968806,1.0780423965534986,0.0647255752042534,0.11766559010736584
2008-10-27,4.772053444518442,-1.2979749495878967,-7.631483833536887,-10.0,1.2092288927151948,0.05520391346563509,0.12476799182234413
2008-11-10,4.888817696531055,-1.6999177903130194,-8.109838447866606,-10.0,1.1967737025917597,0.06465661378444275,0.12456422933891409
2008-11-24,4.394765286355025,-2.6720673254935416,-5.133804416158646,-5.870025396725048,1.453814152562949,0.0711702257101217,0.10776842982176689
2008-12-08,2.847982659013326,-2.8558168274431948,-2.121365289670905,5.9367190175603675,5.0,6.812745474443204,0.0907056382915125
2008-12-22,2.299397112792968,-2.255322127857556,-3.8260111911637833,6.858492899886775,5.0,6.512761341685116,0.11746606209018103
2009-01-05,0.7949463302983726,-0.7224697314782512,-1.9277243362112062,10.0,4.348512875608391,10.0,0.06863447511175652
2009-01-19,0.8220429149708857,-0.7451575187606606,-2.4911815595037896,9.993019804990487,4.842220907040054,10.0,0.07398609035205457
2009-02-02,1.4792611241038813,-1.2831118642626813,-2.739386569738521,10.0,4.45153848285735,10.0,0.0692625940854613
2009-02-16,1.7792122173520002,-1.543857997324266,-2.77092111812236,10.0,4.857685669420512,10.0,0.06724415655274601
2009-03-02,1.5010467979374393,-1.2923645783173294,-2.3430692147832515,10.0,3.878123641320541,9.966211466936276,0.07448078849766965
2009-03-16,1.745093866788696,-1.5724241247193984,-2.1605356446051776,10.0,5.0,10.0,0.07004607472049386
2009-03-30,2.0013207068193344,-1.8812180764732063,-2.247529615315395,8.617128190654505,5.0,10.0,0.06289297120232773
2009-04-13,1.7161062118799921,-1.5939152231741067,-2.489672132980712,10.0,5.0,10.0,0.03937301310064652
2009-04-27,1.9767445178373961,-1.9273050925329138,-2.215106887100379,9.627245271201678,5.0,10.0,0.040882478138630586
2009-05-11,3.614031297225231,-3.522389932620312,-6.2776106393008355,9.958598045257462,4.678019638249681,6.762409473396741,0.03412765314521663
2009-05-25,3.4901219595574213,-3.3754693476949984,-3.2872963683178726,5.016765441542327,1.969427841274944,10.0,0.03805613894919937
2009-06-08,4.328684221406624,-4.272118477834113,-3.5604143756095525,2.4835323883295426,1.2243035581488944,10.0,0.051943696911130335
2009-06-22,4.051025461542702,-3.906720888972876,-4.062121134808056,2.7707847644712587,1.2075890451917533,10.0,0.048101105385737156
2009-07-06,3.9371447392053125,-3.779651816179068,-4.020715514504589,3.0274317465999703,1.4683100138538943,9.89297265350106,0.040882574431609225
2009-07-20,3.939201168003477,-3.7983063485669932,-3.9240290182808804,3.532007766688951,1.532902992278342,10.0,0.03474521200688926
2009-08-03,4.1804198769694105,-4.03788037014637,-4.147231166300125,2.2361546443773355,1.241852363326837,10.0,0.04301472499807447
2009-08-17,4.203884663685054,-4.09659761949614,-3.877371818420486,1.9894760598714851,1.464115303098072,10.0,0.03894591297977829
2009-08-31,3.89271954012978,-3.7818507392462215,-3.9065696194111093,2.451385134595498,1.3723150521712908,10.0,0.0376615794534688
2009-09-14,3.960020533519108,-3.8718926308428476,-3.9948514729469444,2.4007852751262098,1.4033963070714022,10.0,0.03216931091889062
2009-09-28,3.6688114221196293,-3.6451969882125077,-3.4572698708372056,2.677636383396607,1.3863948458678084,10.0,0.03698536341578408
2009-10-12,3.951043311175617,-3.951486506488863,-3.597011607687511,2.4925715163025766,1.4882231716782404,10.0,0.03913610881077255
2009-10-26,4.0235551644665195,-4.010327783468892,-3.8302903457249946,2.6947093598134404,1.3591553269817673,10.0,0.03502742160231658
2009-11-09,3.9413905395953734,-3.8989116551758713,-4.0931105628832665,3.3165608047310973,1.557885694313266,10.0,0.02666389535654712
2009-11-23,4.049761354298623,-4.0020161989487155,-4.3974966580093735,2.5571647474829735,1.5371910567596798,10.0,0.0322051386574673
2009-12-07,4.052481171753449,-4.000744169449609,-4.347554333173455,3.0422219764629395,1.645031549379472,10.0,0.03164289010164724
2009-12-21,4.610075305379544,-4.593493628207213,-4.664672447390258,2.4791683035999528,1.742199845141939,6.302258017761194,0.03389035372230884
2010-01-04,4.123060634058215,-4.101370477505415,-4.041317826904256,3.4096658087127976,1.3810068341976918,10.0,0.025541349267973426
2010-01-18,4.268949798802039,-4.23448324778362,-4.577259279634476,2.8640959060601143,1.4762702703075252,9.585106772698825,0.02336783238508985
2010-02-01,4.673599205768754,-4.611408679284801,-4.968479653682746,1.965254601591093,1.623179939750115,6.631314096591765,0.018945300397780453
2010-02-15,4.722196232048836,-4.6692111721829255,-4.875259266795551,2.2146864724171182,1.7346295016235518,7.302324845220955,0.022785364263676503
2010-03-01,4.700790129787014,-4.5914827941112915,-5.135816550547609,1.8834805184672494,1.6706664753850424,6.929999546346942,0.021438261749796156
2010-03-15,4.599421782389661,-4.475039633919163,-4.613414368379443,2.0164378195904296,1.574397898538909,8.93884810119927,0.01890663663006804
2010-03-29,4.642343689935852,-4.531033427833484,-4.6820880519476304,2.0679596905763606,1.4109340934874148,10.0,0.016262641686446987
2010-04-12,4.8072846658668675,-4.678858795193917,-4.720751207745984,1.4772486421630335,1.4549405781588216,7.903605892018966,0.011094444467558159
2010-04-26,4.812189461154039,-4.692177960005176,-4.589373899329682,1.214143473602916,1.4270666096241824,8.512675105157912,0.011779120885876937
2010-05-10,4.7477326129228725,-4.629951638746171,-10.0,7.630629235058376,2.181458856404131,2.8495193979217097,0.011487603189258382
2010-05-24,4.513065993225276,-4.360272193967081,-9.999914408075101,7.322842857770653,2.218698611927391,2.791808674080717,0.01425264311922072
2010-06-07,4.47695368030934,-4.390181296001436,-9.99996222028329,8.01915830664298,2.5302455204597862,3.185055117729684,0.015669902322990818
2010-06-21,4.560115156330785,-4.4938655879558445,-5.911436819012153,2.8203716697240995,1.995868608605388,3.280222809259722,0.01796294351217123
2010-07-05,4.191439008270926,-4.017152462365628,-4.715451183025706,1.5820352685373995,1.9121986882620363,6.106447950916683,0.01572378997265283
2010-07-19,4.368358608703277,-4.204645633900177,-9.715851158675811,7.076649415435615,2.514392651372283,3.3322888381685494,0.01564822743514433
2010-08-02,4.395975170104586,-4.227973670662809,-10.0,7.534410873259678,2.7088738516547672,3.7385056826496066,0.026346513708328093
2010-08-16,4.231071499512743,-4.070040997268326,-9.882243889238033,6.864516435449287,2.7674955366229024,3.3487865390803244,0.01740569268562809
2010-08-30,4.153420030456682,-3.970948375617891,-5.919762964125321,1.9356775316745851,2.22290056953261,2.7814213734720896,0.0246200941168064
2010-09-13,4.2905624792244055,-4.15609785080564,-10.0,7.112801511727611,2.660997481426627,3.268510932991105,0.026208794079287896
2010-09-27,4.375338304991038,-4.218308150365428,-1.3322700792262543,-3.2945119184391567,2.2115051876114973,2.2115190024671483,0.04274585277436467
2010-10-11,4.530331753333229,-4.352361830893122,-2.1903593942545276,-2.947095963805362,2.408393161078099,2.408364147090695,0.03730900078713147
2010-10-25,4.6846215598915,-4.485438565531406,-7.266195881021886,1.9188280892253897,2.322757194042388,2.4812263122929585,0.05043633948244322
2010-11-08,5.068819738385792,-4.903886386722437,-4.726166172536065,-0.7630701337605404,2.654130528392929,2.6541366415503496,0.05059589180330295
2010-11-22,5.001711012736723,-4.831426203228364,-1.4889350698285486,-3.7847395995388884,2.3075996067411926,2.307614035329961,0.035126429240596786
2010-12-06,4.99542227030466,-4.785595141035057,-0.7085021411163568,-5.090455279478063,2.019524745506548,2.0194780174905635,0.04364986701821504
2010-12-20,5.03770266719198,-4.256492952857452,-7.091974801818376,-2.248667267938658,1.486964661840724,0.05408710780930933,0.027535034292756534
2011-01-03,4.9646190123050165,-4.119101009759492,-7.2197936764013795,-2.22001476926302,1.418488643329459,0.05910791501202426,0.025878896421477657
2011-01-17,5.169137490526072,-4.583004648029647,-6.814344019724295,-1.351534157828893,1.6107727388343382,0.062117225347053405,0.01701384442246197
2011-01-31,5.023833649794708,-4.8468251335234855,-10.0,6.32862850161977,2.339855561047441,3.3680492759325826,0.01884629498934851
2011-02-14,5.220752852193819,-5.297025081804471,-4.93794188631137,0.5995745161374906,1.5585029092133023,0.09193551601238532,0.017316457505361295
2011-02-28,5.041448782228105,-4.701047667256125,-6.105479355279544,-0.5871877868772052,1.495180057150508,0.045313574937541845,0.011564521601780873
2011-03-14,5.060115323553634,-4.981017106818167,-9.829291562063005,5.811414930240199,2.1726332951191827,2.7488509945782407,0.015934745767610555
2011-03-28,5.047368085220196,-4.843390333412428,-5.386144474031813,-0.5312692885681897,1.5367652989691079,0.03389398335074548,0.015002403059005246
2011-04-11,4.954550125311552,-4.940564886913568,-4.897643357680358,0.8012276662096568,1.598089410016623,10.0,0.01825085519800362
2011-04-25,5.043347144698167,-4.974218283112794,-4.553026193369174,-0.8061591040153309,1.6243260126567467,1.624331833080159,0.022328593734473056
2011-05-09,4.8076152197454265,-4.789453711192925,-9.972123583844041,6.478148962535536,2.3335854598249646,2.9496740280139666,0.01635206981534623
2011-05-23,4.785664997135242,-4.73003001495978,-7.659803770786839,3.771078872380913,2.2166514461593487,3.0955295070442532,0.020683915300619707
2011-06-06,4.905901761211773,-4.305499334468085,-6.819404389863985,-1.782630069374852,1.7455998016689065,0.06428490886593405,0.020549528060571313
2011-06-20,4.634377599591327,-4.5660920504880105,-10.0,6.685593483716731,2.6432742631996557,3.6757191279012527,0.03882674306629167
2011-07-04,4.841775044114747,-4.799973348148293,-10.0,6.759694397228084,2.489543574909036,3.4353213914941434,0.033660271824315045
2011-07-18,5.079355910528243,-5.009947954344413,-5.146756688457678,-0.6792378849897309,2.095613795574065,2.0956176588312805,0.04758986556318721
2011-08-01,4.83212315665752,-4.639910658432073,-4.403174201732115,-1.3753671229656976,2.1180671668276174,2.1180642435460304,0.059726409575243875
2011-08-15,4.563054675601846,-4.48519087269815,-1.9147943265362617,-3.5037450997174404,2.4943681714918347,2.4943747020055076,0.051786537818718094
2011-08-29,4.389191444601633,-4.31912189586211,-2.0005366709749457,-3.278183718469921,2.376676930556627,2.37667382841709,0.04564880676317338
2011-09-12,3.9033946483676387,-3.863260722253316,-10.0,6.490577401302909,3.1569629784535698,3.596808504175876,0.03073123438872939
2011-09-26,3.486154423706962,-3.461081018151723,-10.0,7.300229741973,3.070384937422238,3.5794818268499244,0.025030489231604433
2011-10-10,3.3897864609263038,-3.3643170357094956,-10.0,7.680920498580133,2.8007686688478732,3.3827765250814754,0.02211278120866558
2011-10-24,3.6374753174236196,-3.5921672975612404,-10.0,7.527935170599334,2.89029396968884,3.6896564529241043,0.03401175184051605
2011-11-07,3.6694796307996653,-3.6160993350230957,-3.7703426557932844,-0.4881430585445964,2.269848794981795,2.2698481927913132,0.04682479329843825
2011-11-21,3.5092783896040194,-3.456471279340355,-3.6088997309368427,-0.3197757869118268,2.2441569052006867,2.2441684249623557,0.037607973384807585
2011-12-05,3.5860074704124476,-3.5235308608395113,-5.967254898918993,2.0020235219425735,2.290211911411051,2.5689655026168214,0.045256699025471955
2011-12-19,3.2001125929555023,-3.171791425740765,-10.0,7.736977830767663,3.2071361591393965,3.785702602094629,0.035257688992429606
2012-01-02,3.289115985576708,-3.242550037185907,-9.99996895750801,7.697011077663135,3.2249496528305546,3.90148477702117,0.04140610464974583
2012-01-16,3.5118080806701335,-3.4448575666409176,-2.862794935828453,-1.1795430289263802,2.392271723531476,2.3922742897166596,0.04563650722043533
2012-01-30,3.413374831996266,-3.321440828858547,-10.0,7.484028063762555,3.4441747880067046,4.362769786746055,0.04504939214062873
2012-02-13,3.6115915825165694,-3.490256094429471,-9.987180113305604,7.32945717284755,3.361337832919406,4.166214687482886,0.04309081402656954
2012-02-27,3.515662090181358,-3.3845933067460114,-10.0,7.425931984921352,3.4040724200874886,4.1425175736205535,0.038697472023192715
2012-03-12,3.623478069224073,-3.524099770647191,-10.0,7.7687149328969145,3.532987718247627,4.341255346950025,0.039666762460377536
2012-03-26,3.9473996581306787,-3.8315181423637084,-1.8282954836252991,-2.428061204393319,2.2737469159867607,2.273743585881546,0.043366437797938494
2012-04-09,3.8583263151746388,-3.7351065154833143,-3.3873791156659907,-0.7672472696928379,2.5625534051472907,2.562410652539285,0.049310790183258915
2012-04-23,3.5387156409154605,-3.4376421308425913,-10.0,7.522894363151866,3.4594058971343493,4.2624416603365045,0.04758600920625241
2012-05-07,3.758268194476388,-3.626404369905928,-2.2841000649946603,-1.9226682574351104,2.666552568245118,2.66659699505955,0.054612192964329856
2012-05-21,3.4414583716728955,-3.3336961543937176,-3.5197280762452903,0.05838445205270572,2.8837663074109345,3.0158025968733457,0.049538706882153
2012-06-04,3.1880391774303654,-3.101679237583247,-1.8922527225099015,-1.2299921836647776,3.1276593756092774,3.1277620244541713,0.04119182167723104
2012-06-18,3.343300059295696,-3.237639004380833,-2.297529961330239,-0.9774061519349143,3.1632898408734684,3.1633718425410295,0.04044511170451637
2012-07-02,3.3974365974838383,-3.2867621881484963,-2.644902721687776,-0.649369098060559,3.2549462736326995,3.2549458397698112,0.04971683714737763
2012-07-16,3.2359794416061987,-3.1277114901557783,-2.362013550414993,-1.0129066626606533,3.158061563772833,3.158034986947684,0.04774055889183045
2012-07-30,3.244276605639802,-3.1164179942957353,-2.300951975503697,-1.2259962668897544,3.012423069866159,3.0123811265352516,0.04611266406156363
2012-08-13,3.394355105418666,-3.2550537588036326,-3.6621248587316146,0.026703265262665293,2.8875063214673933,2.9546436704009755,0.03734389288321605
2012-08-27,3.434997642414882,-3.301815836269936,-3.4135431218491425,-0.214340286910539,2.961185849215334,2.9611827571714726,0.03699583258320113
2012-09-10,3.538691901620676,-3.40074927866217,-4.022960269034921,0.1042111441260628,2.9406911353816647,3.139517655748978,0.04694746504584651
2012-09-24,3.672157355028382,-3.5587061083646256,-2.5861225751221464,-1.331349942304051,3.02495473242919,3.0249209526755783,0.0551586499660374
2012-10-08,3.727895775294775,-3.5774498488109425,-2.618869033971046,-1.542442525940898,2.9803156011611844,2.9803069181010073,0.05099009547361672
2012-10-22,3.624467222331889,-3.4924117039448697,-2.8644609892759787,-0.9302471251429154,2.804754069629738,2.804761271945177,0.04302273217588694
2012-11-05,3.5996330457213466,-3.4644257617600673,-1.645389447070669,-2.168757361761434,3.0079929392579237,3.008083713827058,0.0458195503907853
2012-11-19,3.477334019836502,-3.3654267867779666,-1.5569116723697451,-2.130583579276681,3.1146949037673446,3.1146439096988403,0.04612993269044037
2012-12-03,3.5200362173692414,-3.3687230728761333,-1.6665693043837684,-2.2307763759218027,3.044966681062922,3.0450128812928434,0.045725142821784234
2012-12-17,3.630538208190841,-3.568611551286039,-2.3546406958522894,-1.4319230914248224,2.8774229893811953,2.8774116070905364,0.043886673893800944
2012-12-31,3.6672839246129434,-3.592335721559235,-3.4660615833356885,-0.38221482779564775,2.930371221317995,2.930526767554585,0.049624983102891464
2013-01-14,3.736215832687954,-3.6322991833956717,-2.308371433954417,-1.8421834547507843,2.683873558756963,2.6838660410050963,0.04636168899397245
2013-01-28,3.8212375147733115,-3.740662795217241,-2.979019988003402,-1.0270227789830237,2.637263997488547,2.637258106635618,0.04201089122228656
2013-02-11,3.6656345400936665,-3.5618208970384795,-10.0,7.287477796694133,3.423027610923542,4.2051126536507315,0.041097477523816595
2013-02-25,3.7999561268750073,-3.6519538042279507,-1.792941103105573,-2.550961548729462,2.7091210898837,2.7091358491609854,0.04085412295295676
2013-03-11,3.775078930420788,-3.6477403106360433,-10.0,7.02762624517473,3.2547086840580475,4.0395560220181705,0.03321943316155128
2013-03-25,3.6562075359549113,-3.5531878572708306,-9.99995550591313,7.313969449924824,3.5652257766739974,4.433307528296803,0.03674654522636858
2013-04-08,3.621863188529439,-3.52569879278638,-4.060969598310042,0.05974858643485403,2.8269293785327774,2.9582253622886556,0.04177534231480621
2013-04-22,3.596142159603821,-3.5211962473591747,-2.463931273203401,-1.381994415347959,2.9214619871816874,2.921443954190201,0.03843092052672561
2013-05-06,3.697334879069027,-3.636409989669273,-2.7268370695614563,-1.309859915838848,2.8050924685724645,2.8051579016180153,0.0396297556560777
2013-05-20,3.9015548388264887,-3.838440151670653,-1.997873988362621,-2.1894422315079987,2.7048556956465672,2.7048978548885056,0.04001070235098855
2013-06-03,3.908508397402895,-3.8456151178159157,-3.8147317536422527,-0.3291378522610838,2.412955004295318,2.41295259096546,0.026921655938904283
2013-06-17,3.8852367820919995,-3.811175754480908,-10.0,6.83891153083292,2.948569061725251,3.536978174377844,0.021233950840110406
2013-07-01,3.9001215785446632,-3.844631285704781,-10.0,6.875394170811687,2.4161887432170146,2.928959828525732,0.030077456331307414
2013-07-15,4.081079040485639,-4.02083482745605,-9.698910610129003,6.065471894626219,2.316152155176372,2.7981562979909502,0.022162460560946375
2013-07-29,4.084817826888347,-4.026961252924857,-10.0,6.691535517866666,2.473735353747353,3.160035014244798,0.031031224963919406
2013-08-12,4.114014010749516,-4.019016841799358,-10.0,6.482808251359652,2.4185738631311686,3.1028704063293207,0.02376298491045413
2013-08-26,4.269887004561885,-3.8045208659765772,-5.9702515453803375,-1.3013260565488216,1.5200881289213601,0.05974687544106311,0.009495099070342732
2013-09-09,4.327484107735805,-3.9603338387041025,-5.848447062005154,-1.0206103276858447,1.4693014066143872,0.060393562161136845,0.010257400317857638
2013-09-23,4.244804418859216,-4.253000978509448,-10.0,4.275552344277879,1.368983521211207,0.939258477041305,0.00936169884972434
2013-10-07,4.240273371649163,-4.139198173516302,-10.0,4.276771957125348,1.509594849683681,1.1813467443869436,0.024671276783891024
2013-10-21,4.103195418448345,-4.038941672485598,-10.0,6.739841428321501,2.495877949276136,3.2249342275200163,0.02461775124374227
2013-11-04,4.125404985403707,-4.046800525908228,-10.0,6.606665543649625,2.4860842460534087,3.250098729802765,0.031050126968243212
2013-11-18,4.13807935519267,-4.017415217189781,-10.0,6.741130081592133,2.5860784387256586,3.583116559927898,0.03797411709315346
2013-12-02,4.178880167612156,-4.080364544408182,-10.0,6.886630006799989,2.5091479174421165,3.622735617639713,0.0457643238829305
2013-12-16,4.242410780200724,-4.144635887930689,-10.0,6.7172949280058685,2.362342594811443,3.3311733761462587,0.03835123426647892
2013-12-30,4.3992567867711525,-3.425946483871898,-7.446304830708171,-2.8582756211224662,1.3205071762643372,0.055720902841098756,0.027405562087776468
2014-01-13,4.125099913673658,-4.072532588233569,-9.892391885427388,6.6969927851450946,2.2460251393000963,3.002734837258983,0.02738860964506739
2014-01-27,4.029384427736619,-3.9369642937755653,-10.0,6.50003992026875,2.0820221397123606,2.715446480518941,0.02452509833418505
2014-02-10,4.032408298068216,-3.9033040325341566,-10.0,6.407650387464991,2.214570757574431,2.927925956390383,0.032285161257831436
2014-02-24,4.08365972625488,-3.9984351049064966,-10.0,6.374875397583265,2.125125632352374,2.7264308892371063,0.033009515615709216
2014-03-10,4.172758408251472,-3.478905346736213,-6.515532324727705,-1.912653016623168,1.3774457415702261,0.060045148926772325,0.014110319781428682
2014-03-24,3.924337239930327,-3.4100405297343848,-5.739808138774406,-1.3303134511381403,1.2642012853921356,0.0547479922865008,0.01752360161858007
2014-04-07,3.934841036934746,-3.353998198814175,-5.983989940612181,-1.6093103261292705,1.2850058881994089,0.058216743349749474,0.01697692108219501
2014-04-21,3.8579694342659883,-3.8657019877511507,-6.685844697131923,1.6490091043490422,1.132898188697876,0.5107223449804968,0.01674166414084578
2014-05-05,3.7435355487323894,-3.2665305717459328,-5.544792946317522,-1.335087670600861,1.2391485568761027,0.05280114751521717,0.017101232317129275
2014-05-19,3.7491805962422244,-3.684993737011856,-9.999999428426957,6.1065688912907445,1.7584628215164018,1.9953020773227,0.028553289794189113
2014-06-02,3.7276568986472522,-3.638587926835379,-10.0,5.884908296456726,1.624033020646274,1.7849136921306903,0.028071562363612898
2014-06-16,3.7157191019665046,-3.4495257997252127,-4.937569394831721,-0.6456257806756533,1.2836894875275562,0.04530990253941558,0.020887139130620843
2014-06-30,3.6841086879813627,-3.623431718069805,-9.999988986340504,6.038123570651429,1.5696500326196494,1.662290467346395,0.024060692805147516
2014-07-14,4.252273135225926,-4.183183547946597,-4.758488129464486,-1.8270051962829887,1.3566322017555588,10.0,0.018009424533985692
2014-07-28,4.292383071221684,-4.211771743012497,-4.787349385090807,-2.4417349940922266,1.256664092994862,10.0,0.017397269717261292
2014-08-11,4.286773700287473,-4.207900523512962,-4.764205898222436,-2.4207022924491035,1.3352519884597298,10.0,0.015971596639311955
2014-08-25,4.233029844162334,-4.159464684241346,-4.6739496498982,-2.7702675505009196,1.2302449190489781,9.888076355625119,0.01840870393682988
2014-09-08,4.317944065880579,-4.258847883258167,-4.765106946458669,-2.665887004677453,1.2426624616708142,10.0,0.018074092513636224
2014-09-22,4.184002759814866,-4.130557485175625,-4.774075597346167,-2.060388442385943,1.1877333100098175,10.0,0.01952545369486686
2014-10-06,4.071099840669909,-4.011034692801585,-4.564022029937799,-2.268252915619016,1.2038150385486175,10.0,0.017857534374687723
2014-10-20,3.254049645272954,-3.191407600188961,-0.727144566714343,-2.5051620926862723,1.777601564799921,1.3538905864323463,0.03016525868891502
2014-11-03,4.131627795735648,-4.061751770978715,-4.5016030304136345,-2.639460442658796,1.2554608038957626,10.0,0.016632453400831835
2014-11-17,4.165296414660001,-4.107987080599754,-4.359298921470353,-2.787980635245021,1.2790803735782434,10.0,0.014913048289563927
2014-12-01,4.136971809459267,-4.085272171665384,-4.233284302974464,-3.075047766904989,1.3276094036381203,10.0,0.01910934983836356
2014-12-15,2.906299427657168,-2.863658240398628,9.089510289626341e-05,-1.3228757369259527,2.2181818321061697,0.85098055597689,0.043051804425238566
2014-12-29,4.031473320299585,-4.002795539818462,-3.810829724909643,-3.614696535677618,1.1044717840988614,10.0,0.015388276222630302
2015-01-12,3.669343257470374,-3.643796338156943,-3.3282813081236355,-3.326178699349424,1.2662903404250174,10.0,0.009541389258189786
2015-01-26,3.6988385452737043,-3.6678717913210916,-3.4093737216746294,-3.7805568757968993,1.227932093957186,10.0,0.007475234479481322
2015-02-09,3.453926597704606,-3.4402108937531986,-3.2138260767058666,-2.795646473719594,1.0777097270817202,8.697047699988678,0.010566193621413186
2015-02-23,3.590694011185156,-3.572785831942174,-3.4262131005418137,-2.611776774454518,1.1301712132973774,9.016933492854752,0.011910910897417935
2015-03-09,3.6463885101301408,-3.6394636083950185,-3.345290488232711,-2.325319255446365,1.1296528083201238,8.758963572823845,0.010430566922116496
2015-03-23,3.3761860328782016,-3.3661269281965502,-2.8444372356533965,-2.3584727424214087,1.2865400612425113,9.004365391129742,0.008068739716018942
2015-04-06,3.6200473155690474,-3.6020044340769357,-3.0659834037945064,-2.710700882089607,1.4826944212018756,10.0,0.011994643946350837
2015-04-20,3.568607203644608,-3.5590400874715122,-2.816485430951723,-2.6635682546023927,1.487101619680642,9.437766572645064,0.007340523598180982
2015-05-04,4.014024755857089,-4.0199493975548375,-3.3222279528449055,-2.8995159896646774,1.4643386950649364,10.0,0.011770490765837593
2015-05-18,4.04363414470774,-4.03723124487584,-3.562433765799488,-2.5785421794356704,1.4336342717570054,9.09805699209576,0.012141200871298252
2015-06-01,3.2598202002992402,-3.2386050168750695,-0.00012857723787508264,-0.8196757594491408,3.1344972357371614,0.659523574431652,0.02539417757084367
2015-06-15,4.218693848946781,-4.2339159485761755,-3.4742524129865378,-2.9346989592808628,1.3679571726555633,9.74658128371116,0.013960654603755682
2015-06-29,4.147702959351649,-4.154480379222833,-3.4401108307610526,-2.5530619820986518,1.4889763884721599,10.0,0.017316156493139532
2015-07-13,4.379799233281779,-4.37683127579556,-3.7192309124782637,-2.941593605590963,1.4312412198537021,10.0,0.015035463847042081
2015-07-27,4.065392305999882,-4.041715351346125,-3.1602625526569326,-2.9425982364450554,1.4797974320677907,10.0,0.01807778662254071
2015-08-10,4.026385178258745,-3.981252043234017,-2.7778006395868555,-3.0386082868636684,1.494321051607016,10.0,0.027930497918176332
2015-08-24,3.9089348997545206,-3.8852376069006294,-2.6362640054472175,-3.0664439166895976,1.6962452086722122,10.0,0.026950602912474496
2015-09-07,4.053433683668559,-4.070023800393227,-2.1072167917933093,-2.910955047314676,1.9099077067725283,10.0,0.029056132830989356
2015-09-21,4.437073469894213,-4.492921981519037,-2.447083162828923,-3.7356703192575105,1.842776969583138,10.0,0.022755062665899932
2015-10-05,4.447388538287538,-4.489843396786239,-2.9080201795760194,-4.183728176029336,1.7820108755461237,10.0,0.023654635402622148
2015-10-19,4.723337383409785,-4.705696222238222,-3.416887844218019,-5.2173611572901155,1.6547132987745332,10.0,0.025903289111416553
2015-11-02,4.378328031416507,-4.372640871073636,-2.461391425872082,-3.9248180732142006,1.711835614473702,10.0,0.029767926463544998
2015-11-16,4.727291994409491,-4.703550117041233,3.3436998906953406,-5.362474811728288,5.0,10.0,0.02443094080768656
2015-11-30,4.860013874073022,-4.767831437391997,3.679637119619024,-6.347907061259769,5.0,10.0,0.03265013804828788
2015-12-14,3.222105236301974,-2.797785620563565,-0.7016363414938895,-1.1050140340624888,2.9408785916332585,0.053129949997765887,0.05462100491188787
2015-12-28,4.900689160006064,-4.771965117287005,2.721729832504739,-6.254652080228262,4.140275575026872,10.0,0.040696677357450306
2016-01-11,4.78463294878825,-4.618782481929299,3.2191449653872906,-5.982223766499283,5.0,9.890711796163073,0.04177028974327503
2016-01-25,4.295764636718976,-4.10496750534245,2.285547546730051,-4.520065756538878,5.0,10.0,0.03876662688184176
2016-02-08,2.9889932051395376,-2.887525951989333,-0.0861723814796599,0.599217468546546,5.0,0.24991064029925752,0.03918609650343622
2016-02-22,4.301451279271643,-4.037330160420968,1.4536502702757272,-4.751348215521259,5.0,10.0,0.03381742426605169
2016-03-07,4.7755379883940785,-4.515549404199899,2.814738712045047,-6.6832387137040135,5.0,10.0,0.03435094154749457
2016-03-21,4.523907310047471,-4.285004544607901,2.4071983522317244,-5.635995222373458,5.0,9.906478445711375,0.03331426015940547
2016-04-04,3.0818260708999774,-2.6644340300438034,-0.5814624448938253,-0.9280039402869212,5.0,0.07320366156565752,0.04666241348437869
2016-04-18,4.084161758123193,-3.9288414387445925,1.7324903650205592,-4.351680401669274,4.989596431969848,10.0,0.034498315745255324
2016-05-02,3.1557903292572393,-2.78160614026368,-0.3020130952182875,-0.9714589087196159,4.9124744183189435,0.054164766761912266,0.04283839820074826
2016-05-16,4.519279763858404,-4.315499964191912,2.140804561878743,-5.881202908991619,5.0,10.0,0.028228367866604917
2016-05-30,4.584909618836503,-4.3424220193432195,1.3649674759237826,-5.744306698202272,4.089928214096992,10.0,0.037315358304152266
2016-06-13,4.2210742421752165,-3.9965459646421917,1.6630945960821175,-5.293091676598526,5.0,10.0,0.036729515232200124
2016-06-27,3.7590701061320972,-3.548634595367888,0.6522497241931168,-3.886466671710323,4.85352512592469,10.0,0.038791974726635856
2016-07-11,3.7917993025252965,-3.536946109031524,1.5182688053927123,-4.9989533634049135,5.0,10.0,0.033208406939452435
2016-07-25,3.904034140727732,-3.641506031713194,1.7549655124047783,-4.925452536346191,5.0,10.0,0.03229875033953193
2016-08-08,3.9367475785668518,-3.6738880836145498,1.7959217277259765,-5.011833132351767,5.0,10.0,0.03798667218330435
2016-08-22,3.993167213303514,-3.7434003597575805,2.1243138180206955,-5.571289791539707,5.0,10.0,0.03850383595717434
2016-09-05,3.9625588437948696,-3.7006600303603587,2.211610702494734,-5.371563919542159,5.0,10.0,0.031745773883241804
2016-09-19,2.8659199251346053,-2.405820663250807,-0.3996362992953674,-1.0654792293587565,5.0,0.04798503642606269,0.03930960137187171
2016-10-03,2.749248908443334,-2.2301550531169667,-0.5024127868165135,-0.9992628133936458,5.0,0.06580298032577231,0.03570599469704599
2016-10-17,2.953124656282153,-2.4779460572873147,-0.37323510421450123,-0.8637250734698424,5.0,0.058372016804934375,0.03188110787481014
2016-10-31,3.006178882413513,-2.517325039709626,-0.2868304479045312,-1.0339103773120626,5.0,0.04893254674741422,0.03380263197616383
2016-11-14,3.303832340952873,-2.777845434801214,-1.0595834006583842,-1.7886620891633913,2.9337896846389615,0.010392568523409284,0.044254241471371566
2016-11-28,4.603383428796586,-4.274502678614211,3.4668770818337147,-5.536636569167342,5.0,10.0,0.029201879315912435
2016-12-12,4.264615838081949,-3.850482074603253,-1.8826728774561896,-2.8856787024666835,1.8048340045316384,10.0,0.027268536285870545
2016-12-26,4.131969168258473,-3.7206791841280893,-2.060158171479711,-2.7340803073212205,1.5023379098414915,10.0,0.022740159602106798
2017-01-09,4.276674238406405,-3.8377895253381387,-2.229896864807189,-3.765556574333211,1.5087647292692463,10.0,0.020485146483379464
2017-01-23,4.108272015830702,-3.677163861815521,-2.2803356777315757,-3.088496112134627,1.5123151475901762,10.0,0.014995439261129602
2017-02-06,4.262354775683616,-3.8083800594373636,-2.2978312416688023,-3.3425030547915595,1.6046977120229697,10.0,0.015466123354087827
2017-02-20,4.1811443558937285,-3.718897985622426,-2.142969372147442,-3.165256225454887,1.5690751370030789,10.0,0.01555912443119368
2017-03-06,4.239088234324128,-3.647774588495717,-1.79048047787772,-3.1345411621086234,1.6855139975763638,10.0,0.031324962701962944
2017-03-20,4.181090999900981,-3.4841803203351085,-2.0621117908404005,-2.9836031214017997,1.6568961235693913,10.0,0.018882732632440054
2017-04-03,4.090534968514017,-3.347989062474647,-1.9907182762264855,-2.9831547957668927,1.7957475324898193,10.0,0.026606224294020667
2017-04-17,4.005274031412397,-3.2245080114400815,-1.8098801547461136,-2.819714559480765,2.009792502203269,10.0,0.027490841702356092
2017-05-01,3.255967529774759,-2.3244661037065946,-1.3687733977925332,-0.9495705315861243,2.549689537937818,0.03706463834403828,0.035513378378154506
2017-05-15,3.276839900899313,-2.328860992470538,-1.4119409804622514,-1.0064523938525298,2.526087129041902,0.021470143937767975,0.02717027738973619
2017-05-29,3.1838108778922267,-2.0635243238263623,-1.7627062460677134,-1.2835012104372758,2.4616202975583676,0.037506792165176446,0.03221599061467582
2017-06-12,3.2258824866988216,-2.2111892167852596,-0.18278283236853565,-0.9258134367545492,5.0,0.021040142633738646,0.023721877866923213
2017-06-26,2.9900143647686472,-1.9601620155260597,-0.001861090159130786,-1.8611403922928396,4.954383149650431,0.010656512995277544,0.02469551139405647
2017-07-10,3.7459693816256157,-2.7682940054355316,-1.5311528267213435,-2.025260265699416,1.9737906000646108,10.0,0.027451866344655424
2017-07-24,3.748017128604241,-2.6892746014835813,-1.7187914005164078,-2.347440207450564,2.0218860369158564,10.0,0.03436540356387512
2017-08-07,3.68555415626795,-2.687449224108962,-1.3916263886899594,-2.0451983050105182,2.2554774714408636,10.0,0.025569710672957463
2017-08-21,2.991002307201307,-1.7609670335233767,-1.7676405762125207,-0.9842862018603363,2.3018289604006688,0.06583421790918098,0.030677743553695215
2017-09-04,3.0563945049677677,-1.9436235447328918,-1.1376014988603436,-0.5624414131215875,3.167763530885129,0.06058942795789286,0.03098925335711182
2017-09-18,3.0169889286728435,-1.7364346559310881,-1.5841608225115547,-1.1058676071910571,2.3820749831067087,0.057804364160470634,0.02930566776209561
2017-10-02,3.048425111873585,-1.6650704099094145,-1.6947425756071357,-1.532579858120878,2.0457233618814996,0.06636570934723685,0.030370876299026305
2017-10-16,3.075996120377907,-1.8050735479292794,-0.000527218018845743,-1.0677338189169843,4.876385943793621,0.053197460252418956,0.02963912187788478
2017-10-30,3.1187816272299362,-1.8827489643172668,-1.927951665024139e-07,-0.9510326925631617,4.343128628439994,0.04639290617454978,0.02696675211750906
2017-11-13,3.0882959062021422,-1.679817331672817,-4.95840905458109e-06,-1.1855621553326439,4.453080568716649,0.0479044315730314,0.024141986404514183
2017-11-27,2.9836385462043924,-1.4276887937672469,-0.07715910484554982,-1.4423725555582407,5.0,0.0637249984140567,0.024196430346803157
2017-12-11,2.908507343576308,-1.3020767521531886,6.722962128635166e-06,-1.5007328846963677,4.081344889403665,0.06001171972323043,0.027404415460169505
2017-12-25,2.9564551056207478,-1.3008525020313062,0.0009275671191292647,-1.7670667200253676,3.602511800132599,0.05600519191603037,0.023345127147853577
2018-01-08,2.898876298771478,-1.206736701073988,1.321593565115921e-05,-1.3847749171947572,3.257072043300407,0.05778140802848079,0.02487023152139787
2018-01-22,2.982536174985454,-1.3889529528021185,-0.00022556299886843665,-1.18068251469185,2.092305538162227,0.050065123590981274,0.026132881864860208
2018-02-05,3.130261322462584,-1.5277583937819692,0.22036301689438295,-0.7856197802099536,2.6489912546771244,0.05784630946386825,0.017307887324440448
2018-02-19,3.1863395400784453,-2.026045516428057,-0.0005551181627730359,-2.4595173266953463,0.2568921055953237,0.933443736305492,0.01934453747357722
2018-03-05,3.221945608816832,-1.7982005953730804,-0.0010924650594967063,-2.0979123594740674,0.3855890389116198,1.124353218120656,0.02022518818974326
2018-03-19,3.151436894853678,-1.226249240418758,-2.2321010836378465e-05,-0.8443729265310609,2.3033210067320695,0.05538508779862572,0.022650297404970963
2018-04-02,3.029889925465447,-1.0622989775344507,0.005073128701169934,-1.0636607527430413,2.6330877693164934,0.06543687134397952,0.018057294003446335
2018-04-16,3.0415415986265244,-1.132987434193118,8.769643029798936e-05,-1.0040078928266265,1.5931193528411467,0.05202458983819877,0.02372704716985818
2018-04-30,3.1322253598505,-1.1817732184246796,-2.2562287275098355e-05,-1.1289436407829332,1.409868355907073,0.040789031765351515,0.01767191904736972
2018-05-14,3.157181103175411,-1.2627823927243689,0.02332558211285233,-1.007879467031339,1.1853974192142633,0.022220737234155647,0.012130099290310517
2018-05-28,3.12676737660512,-1.5400782397260928,-2.3781756874767628e-05,-1.292783758194056,0.35154168308211153,1.0121334025072313,0.013258671647758251
2018-06-11,3.1306090547536627,-1.009908773224116,1.554849350819949e-05,-1.1348944364926465,1.5741042501582865,0.06392608700360283,0.013428221828842946
2018-06-25,3.0548607280391957,-1.3328127482529544,-0.6617762952563001,-0.7916250834392471,0.28567074210865206,1.4298236730523235,0.011826571158394108
2018-07-09,2.989217860776125,-1.1900503245664507,-0.3399532223779597,-0.3199601035729229,0.4578868942168181,2.0193494648596233,0.010581918984077027
2018-07-23,3.141979494085155,-1.3085020745790188,-0.9691784082193265,-0.7555039740599058,0.25530660387494264,1.5119067945442635,0.010229773467308695
2018-08-06,3.136433105563633,-1.2953860347787494,-0.4838643061042844,-0.6741367441590858,0.36218742353986855,2.0455910609541625,0.00902878178133118
2018-08-20,3.0667124558607157,-1.226717130094522,-0.29812181906338764,-0.8160690092532157,0.37293582572060796,2.6471638332114504,0.01090374889375875
2018-09-03,3.09089124875023,-1.2260949154990766,-2.1977155388281462e-05,-0.757553511386696,0.4689836867535437,2.5362584163523585,0.00981214519460646
2018-09-17,3.206675670789392,-1.2699459416652283,-0.48918202875677724,-0.5925857435070515,0.353060130234489,3.2124430923684235,0.008949659569898426
2018-10-01,3.313198815416071,-1.2406014294137022,-0.6867685043907473,-0.6758958279355375,0.3556517297833241,2.579051054774288,0.008988101756078974
2018-10-15,3.421692653537279,-1.3319081313754946,0.00018749974913468388,-0.8601697718547859,0.5489636098350535,2.3564938672464386,0.007885407267004667
2018-10-29,3.451162765706688,-1.3529170495176552,-6.420266653201024e-05,-1.3220495380429143,0.5042116332331592,2.5498499857716967,0.013338242821374031
2018-11-12,3.51410886519838,-1.380748541471946,0.7258057903143705,-1.1103394730992657,0.8689880931862858,2.77977965542277,0.0087828282678021
2018-11-26,3.4512123060970263,-1.2885494059374003,-2.5739293722628487e-05,-1.4084407501324374,0.46412035043386946,2.612298130545958,0.011632727473004947
2018-12-10,3.279097417638658,-0.9862720840169027,-0.7870732579148995,-1.6102956430231727,0.21659161345051045,2.895268168049054,0.012673934868337781
2018-12-24,3.1007336599583426,-0.6310721062435537,-0.8522720138890734,-1.6239990459195988,0.1570982851389751,2.184564299199999,0.015655370666971945
2019-01-07,3.110459275416044,-0.6510144812231609,-0.8168309752225879,-1.8374882950907208,0.15290727253909783,2.2633581468473025,0.012869455583529353
2019-01-21,3.22280079968348,-0.778928027146388,-0.9908476804857222,-1.775611755174839,0.2007342964797802,2.479515058411413,0.014138083368037688
2019-02-04,3.2104647058753812,-0.7527417883545294,-0.9437664607661603,-2.0707377619546126,0.1883190660656946,2.3582629195623848,0.012952509977931416
2019-02-18,3.2182590857446036,-0.48809936026372447,-1.4680150988705536,-1.057400453580719,3.5777885877688553,0.07683766728732302,0.014773547588380802
2019-03-04,3.349511645702319,-0.9397159084377483,-1.0936400729204023,0.4906977080474855,4.168936117736167,0.6043922719530561,0.016596870156320956
2019-03-18,3.178358299599245,-0.6414109596183221,-0.9210245031977575,-2.3871564933717746,0.18118645381566473,2.4587442460082527,0.01999102740555852
2019-04-01,3.1333623754435025,-0.7538799319306269,-1.4868381920920553,0.388137000567246,3.59750351314668,0.33446123383781484,0.015977803930932306
2019-04-15,3.2781043697901864,-0.8874025694947394,-1.356842270422866,0.28831573843950864,4.524396978354834,0.3762373078900776,0.015396956123764223
2019-04-29,3.1679429556240577,-0.7535119624235074,-1.783291678276572,0.43310201569838813,2.841381798710255,0.40254374855937985,0.01809199749602149
2019-05-13,3.04626737303144,-0.6788663336166411,-1.924672042205415,0.4473842761572712,2.8335280613523195,0.2921789004688046,0.016388676014657516
2019-05-27,2.9153505077646127,-0.38481981974404816,-0.9728821081984725,-2.660611236309374,0.10464301530174737,2.2459043797518587,0.02011259350829464
2019-06-10,3.4682229129038773,-1.096021719558199,-2.5403037720819728,-2.2476153789809405,2.0649348521333635,10.0,0.017510100404148545
2019-06-24,3.3208880574579016,-1.1031299941343602,-2.688971491436656,-1.823328410671383,2.294038915103199,10.0,0.03216206799397877
2019-07-08,3.5078131638486227,-1.2059554641916295,-2.3632805155074013,-2.6928592175015615,2.176481833882252,10.0,0.02068954456133903
2019-07-22,3.391797796704366,-1.21127484648387,-2.3865123024668042,-1.9419548824616584,2.478926876614498,10.0,0.018446139401170913
2019-08-05,3.309959685436163,-1.1633959544855328,-2.750428628810491,-2.66052200053316,2.299545707519297,10.0,0.021156737572238505
2019-08-19,2.779307836166083,-0.6898342656201131,-2.013094132344182,-2.2951086574749073,1.9198405252408473,7.583056596010843,0.017666330117809215
2019-09-02,2.5246635203615746,-0.3883816577696823,-1.963133939304233,-1.952806905088811,1.9006688859902094,6.811200190084541,0.015609866776168402
2019-09-16,2.8790890263199387,-0.7926996010690841,-1.3588463221490668,-2.227774008780525,1.7765358174129997,6.252199286186548,0.012870343886173682
2019-09-30,2.8608617888411256,-0.920927619492787,-1.8393877946072041,-1.833615560589735,2.7357094396859876,10.0,0.00920540238822974
2019-10-14,2.788794722383245,-1.051023456669041,-1.4568349673216034,-0.9542783332462268,3.7726567940850737,10.0,0.017637468977957222
2019-10-28,2.743027771339353,-0.9503677263380452,-1.6816990433258066,-0.4392652877220964,4.5868532765610155,0.3014264041015311,0.012879232171323206
2019-11-11,2.758330510412725,-1.1940006681181285,-0.811129385526881,-2.465187061198044,0.6852839816099024,3.466024227521973,0.014731354864913034
2019-11-25,2.5483561700037396,-0.9431108479843109,-9.878104510790997,8.389076740307312,3.4670974747714522,3.273596822926843,0.013436312012862384
2019-12-09,2.596529729718104,-1.0627675168278095,0.363659320550844,-2.1247996707291943,2.1206329828184405,3.890925716517335,0.01480902282045691
2019-12-23,2.6404505371690137,-1.1455923777732402,-0.6377604143574257,0.29694315433867735,5.0,0.1032792013741436,0.020560406008458255
2020-01-06,2.634408724016021,-1.1224476336989364,-1.2450113661618187,0.17942905643156035,4.500794135278938,0.1939190382940693,0.008011306204609369
2020-01-20,2.584311295251355,-1.0517370852046777,-1.3926154168821332,0.21903482499960697,3.6397037752518564,0.6123368666648982,0.010299480945790581
2020-02-03,2.3040908668330604,-0.8043008554081515,-1.8220077415551117,0.3992588704479239,3.510299483425642,0.18889452015390615,0.011577994852518054
2020-02-17,2.4017903555593687,-0.7790453299234046,-1.0539783295544602,-1.2557788305643058,2.464779577491913,5.118226979083839,0.008886973653249551
2020-03-02,1.972585509523412,-0.3618536632794008,-2.6872750468805098,-1.6562724133358462,3.0688335309456254,0.33224745238403175,0.019221481812204816
2020-03-16,2.2627859726021753,-2.0238823793260505,-0.40781463536606494,-1.943161657933481,4.999854619419146,10.0,0.021239712287199224
2020-03-30,1.7448275622853655,-1.7238281501377297,-0.9675219486880838,0.23632213958497128,5.0,0.29525474653178424,0.017457195178116863
2020-04-13,1.8043774355664395,-1.7355255655968893,-1.3187728856823129,0.6308404513272962,4.157163503758611,0.2147429709940633,0.015375793658785398
2020-04-27,1.6732484952489026,-1.5953647507417101,-0.9950977852978474,0.13338975151665777,5.0,0.47007683525482663,0.011629219853940652
2020-05-11,1.9248421716526964,-1.8939853196884686,-1.49921584841593,0.3309571157156712,4.5455336559676365,0.23178389025881002,0.01639805188654013
2020-05-25,1.891550237215413,-1.8491358240270646,-1.5936507650277676,0.3263163557496488,4.6501054579809855,0.29421492470497485,0.012325928410928633
2020-06-08,2.102627716333748,-1.9365703633721136,-2.5767437486574916,0.36329207706234196,3.153211006578909,1.6599515986825912,0.017142621837177442
2020-06-22,1.9645703308979434,-1.8466616648859155,-2.0277829459193497,0.21652046807107697,3.9237534708919286,0.3384724020206518,0.012594965726805409
2020-07-06,1.953676879830831,-1.8588222259805713,-2.1163105273695364,0.26732561735435295,3.842891284905699,0.345899465296975,0.011281468506348187
2020-07-20,1.8028540580327181,-1.708477633134962,-1.8647101986039247,0.17521756925844267,4.078741891446263,0.3681957754891801,0.012055047890810423
2020-08-03,1.6653637912259678,-1.5905541679051967,-1.9907998368839555,0.22467152905491322,3.724563221771595,0.5112663926942447,0.011213533437225968
2020-08-17,1.9076942856349184,-1.8328952548326871,-2.1570666155409297,0.23523773135295073,3.6610784061286634,0.5617054767699583,0.00957004665205685
2020-08-31,1.9583710872215698,-1.8936587770163322,-2.509697006318059,0.3960275295179153,3.2548743395498274,0.5963945239676438,0.011195940052840777
2020-09-14,1.870808269722432,-1.7847063764781887,-2.6645314899813055,0.5113448620239054,3.1244822233258,0.890026421312089,0.006790969059550304
2020-09-28,1.8804462917372284,-1.7954038405436585,-2.686678181448747,0.4936347428569568,3.194637566838197,1.0632967068649524,0.009619546702816482
2020-10-12,2.0642441598034953,-1.9822794310611973,-2.5633811118326015,0.3703692329808438,3.2767495110999634,0.8188415785396838,0.007832966645473132
2020-10-26,2.0572889706542457,-1.987961072164197,-2.4838118315347626,0.31992341940130037,3.16629873613462,0.5983174627348117,0.011720969891433746
2020-11-09,2.1737356674883905,-2.0746361649367753,-2.484035759600221,0.1567546282282286,2.9524352460091636,0.7462440686934263,0.008734042100032027
2020-11-23,1.959672550707952,-1.8850634397750197,-2.2854850348576865,0.19286074054037586,2.9350780458876193,1.0478803924625755,0.012159570978636835
2020-12-07,2.019478802405928,-1.918011516427908,-9.999998320520005,8.551919686283643,4.10166687321789,4.575668951848978,0.01284050816488753
2020-12-21,1.9981912211693833,-1.895287423506637,-10.0,8.465525301033527,3.9291873529267343,4.396462213119908,0.013311706594858674
2021-01-04,1.9943190637694628,-1.8799212641164162,-8.761323415659323,7.0418685228027345,3.7810784138304494,4.298043253147683,0.016265866968922182
2021-01-18,2.2932669804578185,-2.1732409636247745,-2.698872999071845,-0.11470580138907106,2.5814917994488917,2.5815437788447277,0.021924990929741803
2021-02-01,2.04791149454389,-1.9541364417103857,-10.0,8.710012239430172,3.8812893264538206,4.627515525162319,0.020661095682169537
2021-02-15,2.4457678823671034,-2.379762427768901,-7.047053710524144,4.686701683579057,3.132008498229539,3.651806440056112,0.01931786925116204
2021-03-01,2.4472212669284756,-2.378048492254296,-9.042559234619942,7.54412095189688,3.2242068368286563,4.059056758148505,0.030207684721806845
2021-03-15,2.5999584827553845,-2.5376154516697667,-9.999994188686555,8.326394552956229,2.933892879542391,3.632020721522824,0.033644720479623316
2021-03-29,2.638816483581658,-2.5702362111211796,-9.845619098818783,7.952985936430749,2.674780888039342,3.399571126333373,0.032961998334419235
2021-04-12,2.5465042134263887,-2.4975033616301854,-10.0,8.346287375409544,2.6936522540379824,3.3093403065533153,0.02368472075051877
2021-04-26,2.4951823635537913,-2.4434299409192044,-9.89612737365269,8.02475972656556,2.6181291036679037,3.0975940399660056,0.02543266291879748
2021-05-10,2.512590063331265,-2.4612586514043335,-10.0,8.420464525737286,2.888264188872988,3.5918925730039772,0.024207757485522965
2021-05-24,2.515109442990146,-2.472403864253581,-9.999987207085688,8.408187941373697,2.863675469873596,3.5535699507717076,0.028661366138195258
2021-06-07,2.3984417381581684,-2.361501384646713,-9.999993969288061,8.822909995843904,3.074050812593409,3.8379712030874056,0.02605909674114866
2021-06-21,2.0863254412215433,-2.041372310525317,-2.4130725239948143,1.218989019999368,1.9493735119464328,10.0,0.024128750344275644
2021-07-05,2.12311174932573,-2.069228545937502,-2.488632878177365,0.8621940211385296,1.912933650726874,10.0,0.022858486299760478
2021-07-19,1.8364745106240286,-1.7972241130318447,-2.020724350808964,1.105094955547009,2.4224630430994307,10.0,0.02594928290436312
2021-08-02,1.8706196483325337,-1.8179823458568463,-2.295293797380173,1.2459793305763454,2.4309030162601037,10.0,0.022096121764461296
2021-08-16,2.3048780985540303,-2.240813107914867,-1.510588453256869,-2.2358962916142464,1.2435562316947668,2.7043931181182805,0.02476851696292295
2021-08-30,2.240894362654096,-2.1806103817836964,-1.6488678076799794,-1.427697384135253,1.5123814617444877,2.532410997781049,0.02490233893235994
2021-09-13,2.2370451243392555,-2.1504734545824835,-1.9660184406734753,-1.3221849694152765,1.3509013994687529,2.6405348209389037,0.02284830090277192
2021-09-27,2.2784256467836936,-2.201239314071279,-2.2558450082419252,-0.9181862631884422,1.207918574695729,2.5124926634700295,0.027149973034389634
2021-10-11,2.4623792215875557,-2.411551006887274,-2.511985573403217,-0.4055576313575709,1.4439357268366129,2.553307655767339,0.02891519005161757
2021-10-25,2.358846142794258,-2.2592094686055866,-2.419073090561555,-1.127875326224114,0.907143889115794,2.424576887157814,0.026252793057187442
2021-11-08,2.1288195114579267,-2.064085420914171,-2.142356945423674,-0.690856238636077,0.9648111133624646,2.5902061545033055,0.03193926710585236
2021-11-22,2.2140355128505007,-2.1017970485109716,-2.6367316599807125,-0.7364748616563673,0.7092583291044866,2.8528104428524026,0.03824702280807517
2021-12-06,1.986418472887219,-1.9260984744765253,-1.9472729345813713,-0.9373887938505528,0.6581731976445755,2.7500791477905775,0.04552005682292515
2021-12-20,2.1387687970252878,-2.186464555859616,10.0,-9.867689865796754,2.854862286503415,2.9649036994411397,0.05477853117533861
2022-01-03,2.266664347010695,-2.2441114891001313,-1.573866108646428,-1.12022092317232,0.7628045409786011,2.8826504209418484,0.039305920044607534
2022-01-17,2.3729528983387493,-2.414507290675513,10.0,-9.212673819391238,2.5422168661046545,2.7332908392036552,0.04685231736152219
2022-01-31,2.3342744824819843,-2.3990145640380565,4.912258941021852e-05,-1.1763581182344383,0.7966664121257233,2.738064636719205,0.040992291130001544
2022-02-14,2.5361371649716156,-2.642861487134164,-9.224074904818735e-05,-1.2280091441979923,0.5424645437133431,3.5387917027914284,0.05146437497580792
2022-02-28,2.4261799753952937,-2.4747635411985156,2.868249322814431,-2.6121453836584294,1.1684644497112564,2.357965179149351,0.05075647460888181
2022-03-14,2.7585071510620254,-2.696022968698083,10.0,-8.446915377716843,1.6830535348679538,2.2084167705871915,0.05236161630946105
2022-03-28,2.7197981088615197,-2.731016575644792,9.630317037904982,-6.36025157565806,1.4255109113382785,1.9024448879220786,0.0478065702047895
2022-04-11,2.9085996668482843,-2.677709923686331,2.2515094999097127,-1.2384364580153158,0.9121120932031818,0.015321369176038914,0.05283240566470192
2022-04-25,3.011093715543208,-2.839913773750104,3.1892042201434188,-0.7847433202358266,0.8800901932446209,2.3337508924570107,0.05242472411158634
2022-05-09,3.375330114645299,-3.083583253065663,2.899378411832646,-1.356044011589552,0.9233165243495235,1.8778202246539966,0.05674899650110273
2022-05-23,3.305334336916716,-2.973082883895099,2.290902015438021,-1.1626701241670228,0.7625857851550961,3.011092745589143,0.06856097290025052
2022-06-06,3.38604911742376,-2.704906351303069,2.192968422610061,-0.9449948526489114,0.8532497208948626,2.5010274111631143,0.06717335084028815
2022-06-20,3.3885935883668092,-2.04219687417889,1.7887609600196916,-1.6467226372714079,0.563881994949994,0.0709972938957226,0.07037345308359612
2022-07-04,3.353485292833406,0.34562218861267197,-1.8583458807239472,-8.23600590023782,2.202113970852334,0.060809087275646836,0.07742002793123125
2022-07-18,3.3792788746745877,0.33205668627333645,-1.4607617366523962,-5.809393121646188,3.0254115424544255,0.050868063015568794,0.0793790727278644
2022-08-01,3.2809923387133706,-1.3561387351085215,1.7936275236853607,-2.23165047811956,0.37438751472297904,3.314149929209795,0.0819443450904392
2022-08-15,3.483347051507125,0.4343325860014625,-2.5368327894057936,-5.449579868023759,3.6148648596367083,0.05402214520026736,0.0854064502727474
2022-08-29,3.482481361451654,0.4079527146822376,-1.343253776292695,-4.7590300737892735,3.6856473232445905,0.04741834509330698,0.08031199034717558
2022-09-12,3.752507869146741,0.47975511937260784,-1.5748511389367774,-5.306487056547329,2.910800766970758,0.04779010781296148,0.07282945175228109
2022-09-26,3.7300403656779015,0.5474988777213557,1.4327266332188058,-5.277168949739919,1.3324312865178394,0.046059528496282746,0.06991638301593275
2022-10-10,3.8865903653465774,0.9583462167099642,0.5887870420173086,-6.160223533782289,1.0583709191009707,0.058177702194639615,0.07861484146403844
2022-10-24,4.612880671905408,0.49951416732222204,-1.5730953507359806,-5.084527178074376,3.1637023718272297,0.043975911535658795,0.06432991121719159
2022-11-07,4.555293934794046,-1.0424501814140879,2.959130719316569,-1.225968608812414,0.4878251410391292,3.6169917568076797,0.07088430162208498
2022-11-21,4.0956791606207155,-0.3564607934173103,3.446277683898195,-1.3851108375396242,0.5186467540269005,2.9160586291597994,0.0706790065142182
2022-12-05,3.751965026593917,-0.13541065015423567,4.298822221879739,-1.206771463699323,0.49878673351157854,2.6888299349113813,0.05841062429953724
2022-12-19,3.7638126809881287,-0.1522304388067987,3.958577148960554,-1.2290400724066075,0.4259693154601346,2.65044068464315,0.05654073431694856
2023-01-02,4.118442217848402,-0.27825079384882007,3.178546034755338,-1.2867551639268593,0.44927837528128856,2.629573954019534,0.05386353105260847
2023-01-16,3.7727871042096384,0.6962190679890503,-3.1877843825286374,3.3078722962404097,1.849946639182176,0.6994509124069985,0.05350227734771619
2023-01-30,3.798413680255456,0.6773387455531937,-2.270830596247882,2.4637827573917384,2.2334158271767564,0.5479965985798859,0.041584347803221136
2023-02-13,3.9013462657630336,0.6025156779159639,-1.7791214467612084,2.6245998027887825,2.5501867552042734,0.5424726205201926,0.041937967207743586
2023-02-27,4.0348745401598745,0.4447538481914225,-1.2222972332643947,2.8436084066435687,3.103527720745206,0.5051450494980463,0.059670265925208514
2023-03-13,3.9312093349668618,0.21837734452208185,3.0228267880775617,-1.2444394216329118,0.17765443181308122,4.083814026445886,0.06115870822108178
2023-03-27,4.034555695200353,-0.6383753465192306,4.428195530733629,-1.9692306097978898,0.18829798439210074,3.095803820495738,0.05738119185226154
2023-04-10,3.850814395809204,0.15775737282153782,-2.0261751260793557,4.079701912270069,3.0344954488059157,0.23610281716354356,0.056600047327205555
2023-04-24,4.169264489931911,-3.080123889184285,8.220403011148552,-2.4010599866801043,0.13494208750223496,4.270962902127893,0.08274310551336683
2023-05-08,4.072226847658805,1.4523231873922713,1.963096740663311,-3.6486556149195892,0.6317960358143658,1.9896277075271043,0.05390899244668274
2023-05-22,4.164878252733028,1.4712234115173266,2.4606905015743488,-3.424563859569375,0.661747049650835,1.870654870307525,0.07615197971511435
2023-06-05,4.092911887577395,0.9711549870292829,3.5919539078146854,-2.2350859325451657,0.4158102854369776,2.5399052649853155,0.05169482915166034
2023-06-19,4.015470280354085,1.0619190924373605,-2.624115453685821,2.622531368816075,2.265384630125931,0.5663286509895816,0.055738328162084586
2023-07-03,3.9848345936886997,1.1561092414822662,-2.0927514613277514,2.690461938722722,2.544380356910441,0.5585566449744781,0.05563249896993933
2023-07-17,4.105909268201937,1.1494474790614146,-2.8450978212951714,2.497331723385687,2.309302942309362,0.513992557873861,0.05105548038978124
2023-07-31,4.153512352831813,1.2752473860919593,-2.6441350491818563,2.246576912859956,2.078946986280111,0.6566301239141252,0.05352171788942309
2023-08-14,4.439099226563863,1.0761322613696946,-2.5199975921643305,1.6790526955097287,2.213689699005957,0.6621571725107279,0.050529371069969464
2023-08-28,4.4364212894724,1.0825776270798917,-2.5867407919579026,1.932176572966431,2.1253899103044254,0.7109658861129644,0.05570766840899233
2023-09-11,4.50441423480133,0.9804005853954576,3.942319144396256,-3.7731029264358003,0.8922720440409143,1.5574370455535982,0.05348544485284534
2023-09-25,4.823518546352266,0.6961406788199355,-3.45444945035461,2.8084360836988624,1.7111546134795625,0.9120146852781272,0.051686772487006635
2023-10-09,5.150462102607772,0.4083794824381876,-2.5306496279176733,1.4590123153280348,1.8971564694349499,0.5651502125790194,0.05478704623766773
2023-10-23,5.1887624263426275,0.34010188906032623,1.8311856997094225,-2.422324951308051,0.5993543940844672,1.6408957439746525,0.05401986362721021
2023-11-06,5.027595167575511,0.4908027882133021,-3.3504381709751536,2.119670560086126,1.6041248120928797,0.7172598611710864,0.05070743099880768
2023-11-20,4.745632894409234,0.8020927710600418,-3.3481592652501178,2.0109310134342886,1.7447138971939316,0.8678729976113916,0.05284575952388188
2023-12-04,4.614215823469743,0.9347762665065366,-3.29381064887201,1.6128737825965365,1.6236092407880534,0.6533439075680219,0.0556086462072099
2023-12-18,4.219488325075994,1.2929840679024687,1.9774197990541518,-2.0235633428037927,0.47916218528756716,1.9438251427546662,0.051792654532685216
2024-01-01,4.218218827485336,1.4237023413155407,1.3724344214785893,-2.2734542078870508,0.4808850393555273,1.9005426962937788,0.05475797244215348
2024-01-15,4.4301347200200425,1.1061722851273477,1.7260702341808876,-2.5327532044899574,0.2535576602329586,2.05967178659355,0.0446952833513506
2024-01-29,4.541377836574767,1.0137796449230587,1.2773635319513819,-2.3794615501492085,0.30368850399513,2.234424310501919,0.042078448371829114
2024-02-12,4.571037528126092,0.8999740411874418,1.4315914421393094,-1.9456146299294739,0.30176438630309277,2.3756315002219446,0.04130276846365601
2024-02-26,4.5569193536190875,0.9048146598634775,-2.133116844159043,0.6063604364062871,2.211739606143885,0.20299539421982282,0.04200565208021813
2024-03-11,4.442318520772665,1.0264429195113536,1.7343989371064685,-1.8183070857063368,0.35347233733527395,2.47267989826783,0.03767436378325777
2024-03-25,4.583601011517696,0.8881807741274073,1.5467164246947056,-1.7250343805210064,0.3359455276079925,2.337570153804228,0.0365387232349398
2024-04-08,4.7039079041977185,0.7607020942228208,-2.013531178007853,0.43139150517469343,2.3425903621103052,0.23177837470653156,0.03540230345887254
2024-04-22,4.850048352406575,0.6725532514045602,-10.0,8.756689871441452,1.763109089566447,1.6443806829958587,0.03999367819765903
2024-05-06,4.802211771041741,0.6848263602036954,-2.121542912757686,0.5493235343398454,2.2978025222787566,0.29337663437897676,0.03669581473656723
2024-05-20,4.7364657335846605,0.7384822046050383,-2.1300757286346923,0.6857556074778269,2.269618442456208,0.3607623814079396,0.037164710636187065
2024-06-03,4.718923784931635,0.7095940191211354,-2.0831672347236605,0.7395298558631161,2.5879057588329832,0.21181817249751297,0.031926298325577786
2024-06-17,4.577292227123218,0.7864605475995505,-2.1731549606275085,1.0419533305933795,2.4729888302819867,0.23999932618660888,0.040309981963578316
2024-07-01,4.830656871628284,0.6200604742695838,-2.27250558556773,0.6668721110126121,2.2352306430421445,0.2713842183765287,0.040057021570758015
2024-07-15,3.5968017682056903,2.001808919614843,-3.6705953307365995,3.85365830332589,2.5514492139302196,9.677219634023588,0.03420374793975484
2024-07-29,4.672400387310641,0.8428993897015181,1.1560594292645574,-2.4188841790960276,0.27274085144407567,2.427537823981444,0.040002412080077966
2024-08-12,4.457902669955502,1.1048900450139492,1.3729239180436208,-2.812722254436804,0.21304175739891515,2.161255990295264,0.046096684743776546
2024-08-26,4.359742621842513,1.2247453273413247,1.0715850733746517,-2.7718869790792184,0.23018378022098107,2.1402470721521185,0.038592252703882626
2024-09-09,4.255653759016177,0.7704002448442123,2.2873339716771417,-2.9312144985500463,0.1296940234222457,2.022476960489514,0.0385458598647283
2024-09-23,4.312191044829761,0.3784849722775597,1.5223272908946899,-3.129556623935504,0.12285754412232515,1.7875567792896572,0.03109022303762743
2024-10-07,4.533156001936357,0.6655490817954961,-2.935823307283552,-1.149383878247052,2.053406740563072,0.3531409951357068,0.03737349816880713
2024-10-21,4.722264209093608,0.3416799964365465,-2.801627760275105,-0.8599614500664318,1.9920588582209906,0.4329435436447864,0.032038720984503256
2024-11-04,4.684947433729611,0.19838592602080177,-1.8086769701360568,-0.8750461604957203,1.9704059725769267,0.4566007380728318,0.042449246016231984
2024-11-18,4.797356184285906,0.006542064349948828,-1.5438437713131734,-0.6916344546209051,2.2308364522924213,0.44544850973324085,0.03797790462653554
2024-12-02,4.549009133845467,2.868726910129238,-2.465390276811149,-1.5690040295126224,0.02647495582577272,2.3157021777152313,0.035474761255332776
2024-12-16,3.32542956145505,1.068842418711804,-3.3390170641394614,6.17665226288914,5.0,10.0,0.028168971442717076
2024-12-30,4.965941079802726,-0.44985066165567406,-1.131968648301851,-1.4150179824398401,0.5434740758999125,2.3377435595856872,0.03372813176566316
2025-01-13,5.14029906889731,-0.6465260425091952,-1.313431180993987,-1.0010055247192022,0.5817173474328295,2.28083366009866,0.03403271748189399
2025-01-27,4.954786938560894,-0.4404613665681451,-1.1251968226156819,-1.5466947354045717,0.5539297352904496,2.1724127443248844,0.031205290715404004
2025-02-10,4.395921391428611,-0.03341809015598028,-9.496214763725135,9.999997124022908,5.0,5.868115223245676,0.024281190841598396
2025-02-24,4.41568386244662,-0.04805403264025968,-1.4985747043133295,1.4262472040863214,2.3965732860236852,10.0,0.029732065617408987
2025-03-10,4.282634797905562,0.1467318408204127,-2.3220757836879407,1.5750938875916813,2.0128271946960017,10.0,0.03920765805181061
2025-03-24,4.637110657498715,-0.2519829404172899,-9.806936911030268,8.717054974992706,3.589145865408345,4.292690418303277,0.024043853223267266
2025-04-07,4.274150450237514,0.143017889444364,-3.1091897788946263,1.983980497313778,2.069970866484299,10.0,0.03800401343543635
2025-04-21,4.285788328348272,0.16921275959360568,-3.481593554075967,3.2708253836654877,2.1387504524310494,10.0,0.03701128636622225
2025-05-05,4.157479887773457,0.3041606827906517,-3.35778738463436,3.4595898642421985,2.398405215348804,10.0,0.029452294153188216
2025-05-19,4.575125385169782,-0.12819533085323248,-9.999372613492833,9.417351059623932,3.9037287083694023,5.447000588274807,0.032435214880934315
2025-06-02,5.332009232594726,-0.9950756672203274,-3.926919119042144e-05,-4.565736949974152,0.2957612834318151,1.8070348483309273,0.04606373460049024
2025-06-16,4.382106488400993,0.018275269527278613,-9.895008079582196,9.9999949888653,4.301773656127946,6.255433706560334,0.05964187192435007
2025-06-30,5.099519120190633,-0.9933748429106286,-6.75832573982181e-05,-4.802806604732855,0.11149970016078942,1.6989108814525289,0.04690427038082823
2025-07-14,4.1126406150129045,0.366906841512281,-3.7408436097165927,4.415109221376379,2.8051716613952706,9.98687134452891,0.03582699470415333
2025-07-28,4.7177138309657005,-0.23998798466312762,-9.999984937912545,8.764341206815095,3.7381354498010735,5.329157524514364,0.025549636064720996
2025-08-11,4.469837711314529,0.01945895615360696,-3.837638931375219,2.533161351596099,2.2826641872015005,10.0,0.031060998457755774
2025-08-25,5.2982577905600285,-0.7196872415026938,-1.1087335714642814,-4.663610270190889,0.41408299620062,2.0760992926530863,0.03257927247277323
2025-09-08,5.123092314935983,-0.7152718246196529,-1.3630118929937538,-4.63866107901583,0.46557595806028534,2.198031611388038,0.0346350725204264
2025-09-22,5.192760406099652,-0.8778966714313132,-1.7049959377723032,-4.172873624420553,0.4758463140917778,2.3231283026762317,0.03493010788620762
2025-10-06,5.144895311690211,-0.7713278275389972,-1.714481721452866,-4.008067158546892,0.441401678939391,2.1951390182511563,0.03081842114616
2025-10-20,4.975291180772775,-0.697534867720112,-1.454233311901233,-3.952153644464304,0.5358534710725723,2.252340184133552,0.03398013766203014
2025-11-03,5.068417744623571,-0.9160404293907327,-1.05177173644252,-3.963197769840743,0.4892282707671102,2.186947324074053,0.03397291600519735
2025-11-17,4.23634540828804,-0.1953940804343613,-3.4254777838645345,3.1522967567843594,2.7730740897881643,10.0,0.033389138988928556
2025-12-01,5.173233784829469,-1.0601050485012182,-3.4896406338201453,-0.6108413775397376,2.4276091520084306,0.20036509888497972,0.03765507472561593
2025-12-15,5.2772212941403485,-1.4206845318910342,-3.066958955113666,-0.4587140883310671,2.50727870631722,0.24575497867010754,0.03506030880035818
2025-12-29,4.644179054811222,-0.9447803919780287,-9.999542206782934,9.351866481644947,4.2550624647467705,5.655721834624693,0.03085307886396684
2026-01-12,5.251611723633578,-1.4895492507058539,-2.650974054136055,-0.29551466290121614,2.6496194730268856,0.41192104654741607,0.032145837921015545
2026-01-26,5.173333223629441,-1.346359957511696,-1.4318910296099094,-3.3232396129654984,0.6562442537176276,2.418713115029032,0.028717680990425334
2026-02-09,5.25646453255667,-1.4564740857722038,-1.3372684270768749,-3.63481842472332,0.7703100064052009,2.370536224036993,0.03394077393096333
2026-02-23,4.215426515042072,-0.4728248251416598,-3.434417127261226,3.3892733419200662,3.1740357652320363,10.0,0.01958168804045565
2026-03-09,4.043665290440458,-0.29742103947483023,-9.022465831898842,9.999358224811957,4.9150149585468546,7.092942853969504,0.024079251364850493
2026-03-23,3.9824616279170733,-0.2162447213253286,-3.498845393573568,5.846296045728454,5.0,10.0,0.03387605568314628
2026-04-06,4.376464445867165,-0.6366845897263926,-3.432642544288123,4.756126199344554,5.0,8.887517257281663,0.033922240308702056
